Workbook

Sheet 项目描述
B5: 工程名称： | C5: 泰国INTEQC T2 | F5: 联系地址： | L5: 联系方法：
B7: 电气设计人员： | C7: 魏正彪 | E7: 联系方法： | H7: 开始时间： | K7: 结束时间：
B8: 工艺设计 | E8: 联系方法： | H8: 业务员 | K8: 联系方法：
B9: 程序设计人员： | E9: 联系方法： | H9: 开始时间： | K9: 结束时间：
B10: 现场调试人员1： | E10: 联系方法： | H10: 开始时间： | K10: 结束时间：
B11: 现场调试人员2： | E11: 联系方法： | H11: 开始时间： | K11: 结束时间：
B14: 工程描述：【设计负责人填写】
B15: 全电脑控制方式
B18: 1513 CPU+ET200SP
B19: 1510单机共用
B25: IO修改备注
A26: 1
A27: 2
A28: 3
A29: 4
A30: 5
A31: 6
A32: 7
A33: 8
A34: 9
A35: 10
A36: 11
A37: 12
A38: 13

Sheet MCC1-2
B1: 序号 | C1: 地址 | D1: 符号表 | E1: 设备编号 | F1: 设备名称 | G1: 信号名称 | H1: 备注
B2: 1 | C2: PIW200 | D2: =RI1-AI1 | E2: R0101 | F2: 提升机 | G2: 电流检测 | H2: 4-20MA
B3: 2 | C3: PIW202 | D3: =RI1-AI1 | E3: R0206 | F3: 提升机 | G3: 电流检测 | H3: 4-20MA
B4: 3 | C4: PIW204 | D4: =RI1-AI1 | E4: G0104_3 | F4: 粉碎机 | G4: 电流检测 | H4: 4-20MA
B5: 4 | C5: PIW206 | D5: =RI1-AI1 | E5: G0108 | F5: 粉碎风机 | G5: 电流检测 | H5: 4-20MA
B6: 1 | C6: PIW208 | D6: =RI1-AI2 | E6: G0103T1 | F6: 喂料器 | G6: 测温 | H6: 4-20MA
B7: 2 | C7: PIW210 | D7: =RI1-AI2 | E7: G0104T1 | F7: 粉碎机 | G7: 测温1 | H7: 4-20MA
B8: 3 | C8: PIW212 | D8: =RI1-AI2 | E8: G0104T2 | F8: 粉碎机 | G8: 测温2 | H8: 4-20MA
B9: 4 | C9: PIW214 | D9: =RI1-AI2 | E9: G0104T3 | F9: 粉碎机 | G9: 测温3 | H9: 4-20MA
B10: 1 | C10: PIW216 | D10: =RI1-AI3 | F10: 备用 | H10: 4-20MA
B11: 2 | C11: PIW218 | D11: =RI1-AI3 | F11: 备用 | H11: 4-20MA
B12: 3 | C12: PIW220 | D12: =RI1-AI3 | F12: 备用 | H12: 4-20MA
B13: 4 | C13: PIW222 | D13: =RI1-AI3 | F13: 备用 | H13: 4-20MA
B17: 输入
B18: 序号 | C18: 地址 | D18: 符号表 | E18: 设备编号 | F18: 设备名称 | G18: 信号名称 | H18: 设备名称（英文） | I18: 信号名称（英文） | J18: 标签 | K18: 备注 | L18: 柜号
A19: 1 | B19: 1 | C19: I200.0 | D19: =RI1-DI01 | E19: =TRIM(MID(SUBSTITUTE($J19,":",REPT(" ",40)),1,40)) -> R0101 | F19: =TRIM(MID(SUBSTITUTE($J19,":",REPT(" ",40)),40,40)) -> 提升机 | G19: =TRIM(MID(SUBSTITUTE($J19,":",REPT(" ",40)),80,40)) -> 运行 | H19: =TRIM(MID(SUBSTITUTE($J19,":",REPT(" ",40)),120,40)) -> Elevator | I19: =TRIM(MID(SUBSTITUTE($J19,":",REPT(" ",40)),160,40)) -> Running | J19: R0101:提升机:运行:Elevator:Running | M19: ¶ | N19: - | O19: =D19 -> =RI1-DI01 | P19: =A19 -> 1 | Q19: =C19 -> I200.0 | R19: =E19&M19&F19&G19&M19&H19&I19 -> R0101¶提升机运行¶ElevatorRunning
A20: 2 | B20: 2 | C20: I200.1 | D20: =RI1-DI01 | E20: =TRIM(MID(SUBSTITUTE($J20,":",REPT(" ",40)),1,40)) -> R0101 | F20: =TRIM(MID(SUBSTITUTE($J20,":",REPT(" ",40)),40,40)) -> 提升机 | G20: =TRIM(MID(SUBSTITUTE($J20,":",REPT(" ",40)),80,40)) -> 急停 | H20: =TRIM(MID(SUBSTITUTE($J20,":",REPT(" ",40)),120,40)) -> Elevator | I20: =TRIM(MID(SUBSTITUTE($J20,":",REPT(" ",40)),160,40)) -> Estop | J20: R0101:提升机:急停:Elevator:Estop | M20: ¶ | N20: - | O20: =D20 -> =RI1-DI01 | P20: =A20 -> 2 | Q20: =C20 -> I200.1 | R20: =E20&M20&F20&G20&M20&H20&I20 -> R0101¶提升机急停¶ElevatorEstop
A21: 3 | B21: 3 | C21: I200.2 | D21: =RI1-DI01 | E21: =TRIM(MID(SUBSTITUTE($J21,":",REPT(" ",40)),1,40)) -> R0102 | F21: =TRIM(MID(SUBSTITUTE($J21,":",REPT(" ",40)),40,40)) -> 刮板机 | G21: =TRIM(MID(SUBSTITUTE($J21,":",REPT(" ",40)),80,40)) -> 运行 | H21: =TRIM(MID(SUBSTITUTE($J21,":",REPT(" ",40)),120,40)) -> Conveyor | I21: =TRIM(MID(SUBSTITUTE($J21,":",REPT(" ",40)),160,40)) -> Running | J21: R0102:刮板机:运行:Conveyor:Running | M21: ¶ | N21: - | O21: =D21 -> =RI1-DI01 | P21: =A21 -> 3 | Q21: =C21 -> I200.2 | R21: =E21&M21&F21&G21&M21&H21&I21 -> R0102¶刮板机运行¶ConveyorRunning
A22: 4 | B22: 4 | C22: I200.3 | D22: =RI1-DI01 | E22: =TRIM(MID(SUBSTITUTE($J22,":",REPT(" ",40)),1,40)) -> R0102 | F22: =TRIM(MID(SUBSTITUTE($J22,":",REPT(" ",40)),40,40)) -> 刮板机 | G22: =TRIM(MID(SUBSTITUTE($J22,":",REPT(" ",40)),80,40)) -> 急停 | H22: =TRIM(MID(SUBSTITUTE($J22,":",REPT(" ",40)),120,40)) -> Conveyor | I22: =TRIM(MID(SUBSTITUTE($J22,":",REPT(" ",40)),160,40)) -> Estop | J22: R0102:刮板机:急停:Conveyor:Estop | M22: ¶ | N22: - | O22: =D22 -> =RI1-DI01 | P22: =A22 -> 4 | Q22: =C22 -> I200.3 | R22: =E22&M22&F22&G22&M22&H22&I22 -> R0102¶刮板机急停¶ConveyorEstop
A23: 5 | B23: 5 | C23: I200.4 | D23: =RI1-DI01 | E23: =TRIM(MID(SUBSTITUTE($J23,":",REPT(" ",40)),1,40)) -> R0105 | F23: =TRIM(MID(SUBSTITUTE($J23,":",REPT(" ",40)),40,40)) -> 旋转分配器 | G23: =TRIM(MID(SUBSTITUTE($J23,":",REPT(" ",40)),80,40)) -> 运行 | H23: =TRIM(MID(SUBSTITUTE($J23,":",REPT(" ",40)),120,40)) -> Rotary Distributor | I23: =TRIM(MID(SUBSTITUTE($J23,":",REPT(" ",40)),160,40)) -> Running | J23: R0105:旋转分配器:运行:Rotary Distributor:Running | M23: ¶ | N23: - | O23: =D23 -> =RI1-DI01 | P23: =A23 -> 5 | Q23: =C23 -> I200.4 | R23: =E23&M23&F23&G23&M23&H23&I23 -> R0105¶旋转分配器运行¶Rotary DistributorRunning
A24: 6 | B24: 6 | C24: I200.5 | D24: =RI1-DI01 | E24: =TRIM(MID(SUBSTITUTE($J24,":",REPT(" ",40)),1,40)) -> R0203 | F24: =TRIM(MID(SUBSTITUTE($J24,":",REPT(" ",40)),40,40)) -> 风机 | G24: =TRIM(MID(SUBSTITUTE($J24,":",REPT(" ",40)),80,40)) -> 运行 | H24: =TRIM(MID(SUBSTITUTE($J24,":",REPT(" ",40)),120,40)) -> Fan | I24: =TRIM(MID(SUBSTITUTE($J24,":",REPT(" ",40)),160,40)) -> Running | J24: R0203:风机:运行:Fan:Running | M24: ¶ | N24: - | O24: =D24 -> =RI1-DI01 | P24: =A24 -> 6 | Q24: =C24 -> I200.5 | R24: =E24&M24&F24&G24&M24&H24&I24 -> R0203¶风机运行¶FanRunning
A25: 7 | B25: 7 | C25: I200.6 | D25: =RI1-DI01 | E25: =TRIM(MID(SUBSTITUTE($J25,":",REPT(" ",40)),1,40)) -> R0205 | F25: =TRIM(MID(SUBSTITUTE($J25,":",REPT(" ",40)),40,40)) -> 刮板机 | G25: =TRIM(MID(SUBSTITUTE($J25,":",REPT(" ",40)),80,40)) -> 运行 | H25: =TRIM(MID(SUBSTITUTE($J25,":",REPT(" ",40)),120,40)) -> Conveyor | I25: =TRIM(MID(SUBSTITUTE($J25,":",REPT(" ",40)),160,40)) -> Running | J25: R0205:刮板机:运行:Conveyor:Running | M25: ¶ | N25: - | O25: =D25 -> =RI1-DI01 | P25: =A25 -> 7 | Q25: =C25 -> I200.6 | R25: =E25&M25&F25&G25&M25&H25&I25 -> R0205¶刮板机运行¶ConveyorRunning
A26: 8 | B26: 8 | C26: I200.7 | D26: =RI1-DI01 | E26: =TRIM(MID(SUBSTITUTE($J26,":",REPT(" ",40)),1,40)) -> R0205 | F26: =TRIM(MID(SUBSTITUTE($J26,":",REPT(" ",40)),40,40)) -> 刮板机 | G26: =TRIM(MID(SUBSTITUTE($J26,":",REPT(" ",40)),80,40)) -> 急停 | H26: =TRIM(MID(SUBSTITUTE($J26,":",REPT(" ",40)),120,40)) -> Conveyor | I26: =TRIM(MID(SUBSTITUTE($J26,":",REPT(" ",40)),160,40)) -> Estop | J26: R0205:刮板机:急停:Conveyor:Estop | M26: ¶ | N26: - | O26: =D26 -> =RI1-DI01 | P26: =A26 -> 8 | Q26: =C26 -> I200.7 | R26: =E26&M26&F26&G26&M26&H26&I26 -> R0205¶刮板机急停¶ConveyorEstop
A27: 9 | B27: 9 | C27: I201.0 | D27: =RI1-DI01 | E27: =TRIM(MID(SUBSTITUTE($J27,":",REPT(" ",40)),1,40)) -> R0206 | F27: =TRIM(MID(SUBSTITUTE($J27,":",REPT(" ",40)),40,40)) -> 提升机 | G27: =TRIM(MID(SUBSTITUTE($J27,":",REPT(" ",40)),80,40)) -> 运行 | H27: =TRIM(MID(SUBSTITUTE($J27,":",REPT(" ",40)),120,40)) -> Elevator | I27: =TRIM(MID(SUBSTITUTE($J27,":",REPT(" ",40)),160,40)) -> Running | J27: R0206:提升机:运行:Elevator:Running | M27: ¶ | N27: - | O27: =D27 -> =RI1-DI01 | P27: =A27 -> 9 | Q27: =C27 -> I201.0 | R27: =E27&M27&F27&G27&M27&H27&I27 -> R0206¶提升机运行¶ElevatorRunning
A28: 10 | B28: 10 | C28: I201.1 | D28: =RI1-DI01 | E28: =TRIM(MID(SUBSTITUTE($J28,":",REPT(" ",40)),1,40)) -> R0206 | F28: =TRIM(MID(SUBSTITUTE($J28,":",REPT(" ",40)),40,40)) -> 提升机 | G28: =TRIM(MID(SUBSTITUTE($J28,":",REPT(" ",40)),80,40)) -> 急停 | H28: =TRIM(MID(SUBSTITUTE($J28,":",REPT(" ",40)),120,40)) -> Elevator | I28: =TRIM(MID(SUBSTITUTE($J28,":",REPT(" ",40)),160,40)) -> Estop | J28: R0206:提升机:急停:Elevator:Estop | M28: ¶ | N28: - | O28: =D28 -> =RI1-DI01 | P28: =A28 -> 10 | Q28: =C28 -> I201.1 | R28: =E28&M28&F28&G28&M28&H28&I28 -> R0206¶提升机急停¶ElevatorEstop
A29: 11 | B29: 11 | C29: I201.2 | D29: =RI1-DI01 | E29: =TRIM(MID(SUBSTITUTE($J29,":",REPT(" ",40)),1,40)) -> R0207 | F29: =TRIM(MID(SUBSTITUTE($J29,":",REPT(" ",40)),40,40)) -> 初清筛 | G29: =TRIM(MID(SUBSTITUTE($J29,":",REPT(" ",40)),80,40)) -> 运行 | H29: =TRIM(MID(SUBSTITUTE($J29,":",REPT(" ",40)),120,40)) -> Precleaner | I29: =TRIM(MID(SUBSTITUTE($J29,":",REPT(" ",40)),160,40)) -> Running | J29: R0207:初清筛:运行:Precleaner:Running | M29: ¶ | N29: - | O29: =D29 -> =RI1-DI01 | P29: =A29 -> 11 | Q29: =C29 -> I201.2 | R29: =E29&M29&F29&G29&M29&H29&I29 -> R0207¶初清筛运行¶PrecleanerRunning
A30: 12 | B30: 12 | C30: I201.3 | D30: =RI1-DI01 | E30: =TRIM(MID(SUBSTITUTE($J30,":",REPT(" ",40)),1,40)) -> R0207 | F30: =TRIM(MID(SUBSTITUTE($J30,":",REPT(" ",40)),40,40)) -> 初清筛 | G30: =TRIM(MID(SUBSTITUTE($J30,":",REPT(" ",40)),80,40)) -> 急停 | H30: =TRIM(MID(SUBSTITUTE($J30,":",REPT(" ",40)),120,40)) -> Precleaner | I30: =TRIM(MID(SUBSTITUTE($J30,":",REPT(" ",40)),160,40)) -> Estop | J30: R0207:初清筛:急停:Precleaner:Estop | M30: ¶ | N30: - | O30: =D30 -> =RI1-DI01 | P30: =A30 -> 12 | Q30: =C30 -> I201.3 | R30: =E30&M30&F30&G30&M30&H30&I30 -> R0207¶初清筛急停¶PrecleanerEstop
... A72: 6 | B72: 54 | C72: I206.5 | D72: =RI1-DI04 | E72: =TRIM(MID(SUBSTITUTE($J72,":",REPT(" ",40)),1,40)) -> G0104_1 | F72: =TRIM(MID(SUBSTITUTE($J72,":",REPT(" ",40)),40,40)) -> 绞龙 | G72: =TRIM(MID(SUBSTITUTE($J72,":",REPT(" ",40)),80,40)) -> 反转到位 | H72: =TRIM(MID(SUBSTITUTE($J72,":",REPT(" ",40)),120,40)) -> Conveyor | I72: =TRIM(MID(SUBSTITUTE($J72,":",REPT(" ",40)),160,40)) -> REV.Limit | J72: G0104_1:绞龙:反转到位:Conveyor:REV.Limit | M72: ¶ | N72: - | O72: =D72 -> =RI1-DI04 | P72: =A72 -> 6 | Q72: =C72 -> I206.5 | R72: =E72&M72&F72&G72&M72&H72&I72 -> G0104_1¶绞龙反转到位¶ConveyorREV.Limit
A73: 7 | B73: 55 | C73: I206.6 | D73: =RI1-DI04 | E73: G0104_1 | F73: 绞龙进中到位信号 | G73: 新增20231123 | H73: =TRIM(MID(SUBSTITUTE($J73,":",REPT(" ",40)),120,40)) -> Conveyor | I73: =TRIM(MID(SUBSTITUTE($J73,":",REPT(" ",40)),160,40)) -> FOR. Limit | J73: G0104_2:绞龙:正转到位:Conveyor:FOR. Limit | M73: ¶ | N73: - | O73: =D73 -> =RI1-DI04 | P73: =A73 -> 7 | Q73: =C73 -> I206.6 | R73: =E73&M73&F73&G73&M73&H73&I73 -> G0104_1¶绞龙进中到位信号新增20231123¶ConveyorFOR. Limit
A74: 8 | B74: 56 | C74: I206.7 | D74: =RI1-DI04 | E74: =TRIM(MID(SUBSTITUTE($J74,":",REPT(" ",40)),1,40)) -> G0104_2 | F74: =TRIM(MID(SUBSTITUTE($J74,":",REPT(" ",40)),40,40)) -> 绞龙 | G74: 运行 | H74: =TRIM(MID(SUBSTITUTE($J74,":",REPT(" ",40)),120,40)) -> Conveyor | I74: =TRIM(MID(SUBSTITUTE($J74,":",REPT(" ",40)),160,40)) -> REV.Limit | J74: G0104_2:绞龙:反转到位:Conveyor:REV.Limit | M74: ¶ | N74: - | O74: =D74 -> =RI1-DI04 | P74: =A74 -> 8 | Q74: =C74 -> I206.7 | R74: =E74&M74&F74&G74&M74&H74&I74 -> G0104_2¶绞龙运行¶ConveyorREV.Limit
A75: 9 | B75: 57 | C75: I207.0 | D75: =RI1-DI04 | E75: =TRIM(MID(SUBSTITUTE($J75,":",REPT(" ",40)),1,40)) -> G0104_3 | F75: =TRIM(MID(SUBSTITUTE($J75,":",REPT(" ",40)),40,40)) -> 粉碎机 | G75: =TRIM(MID(SUBSTITUTE($J75,":",REPT(" ",40)),80,40)) -> 合闸 | H75: =TRIM(MID(SUBSTITUTE($J75,":",REPT(" ",40)),120,40)) -> Grinder | I75: =TRIM(MID(SUBSTITUTE($J75,":",REPT(" ",40)),160,40)) -> Breaker ON | J75: G0104_3:粉碎机:合闸:Grinder:Breaker ON | M75: ¶ | N75: - | O75: =D75 -> =RI1-DI04 | P75: =A75 -> 9 | Q75: =C75 -> I207.0 | R75: =E75&M75&F75&G75&M75&H75&I75 -> G0104_3¶粉碎机合闸¶GrinderBreaker ON
A76: 10 | B76: 58 | C76: I207.1 | D76: =RI1-DI04 | E76: =TRIM(MID(SUBSTITUTE($J76,":",REPT(" ",40)),1,40)) -> G0104_3 | F76: =TRIM(MID(SUBSTITUTE($J76,":",REPT(" ",40)),40,40)) -> 粉碎机 | G76: =TRIM(MID(SUBSTITUTE($J76,":",REPT(" ",40)),80,40)) -> 运行 | H76: =TRIM(MID(SUBSTITUTE($J76,":",REPT(" ",40)),120,40)) -> Grinder | I76: =TRIM(MID(SUBSTITUTE($J76,":",REPT(" ",40)),160,40)) -> Running | J76: G0104_3:粉碎机:运行:Grinder:Running | M76: ¶ | N76: - | O76: =D76 -> =RI1-DI04 | P76: =A76 -> 10 | Q76: =C76 -> I207.1 | R76: =E76&M76&F76&G76&M76&H76&I76 -> G0104_3¶粉碎机运行¶GrinderRunning
A77: 11 | B77: 59 | C77: I207.2 | D77: =RI1-DI04 | E77: =TRIM(MID(SUBSTITUTE($J77,":",REPT(" ",40)),1,40)) -> G0104_3 | F77: =TRIM(MID(SUBSTITUTE($J77,":",REPT(" ",40)),40,40)) -> 粉碎机 | G77: =TRIM(MID(SUBSTITUTE($J77,":",REPT(" ",40)),80,40)) -> 急停 | H77: =TRIM(MID(SUBSTITUTE($J77,":",REPT(" ",40)),120,40)) -> Grinder | I77: =TRIM(MID(SUBSTITUTE($J77,":",REPT(" ",40)),160,40)) -> Estop | J77: G0104_3:粉碎机:急停:Grinder:Estop | M77: ¶ | N77: - | O77: =D77 -> =RI1-DI04 | P77: =A77 -> 11 | Q77: =C77 -> I207.2 | R77: =E77&M77&F77&G77&M77&H77&I77 -> G0104_3¶粉碎机急停¶GrinderEstop
A78: 12 | B78: 60 | C78: I207.3 | D78: =RI1-DI04 | E78: =TRIM(MID(SUBSTITUTE($J78,":",REPT(" ",40)),1,40)) -> G0104_3 | F78: =TRIM(MID(SUBSTITUTE($J78,":",REPT(" ",40)),40,40)) -> 粉碎机 | G78: =TRIM(MID(SUBSTITUTE($J78,":",REPT(" ",40)),80,40)) -> 门保 | H78: =TRIM(MID(SUBSTITUTE($J78,":",REPT(" ",40)),120,40)) -> Grinder | I78: =TRIM(MID(SUBSTITUTE($J78,":",REPT(" ",40)),160,40)) -> Door Protect | J78: G0104_3:粉碎机:门保:Grinder:Door Protect | M78: ¶ | N78: - | O78: =D78 -> =RI1-DI04 | P78: =A78 -> 12 | Q78: =C78 -> I207.3 | R78: =E78&M78&F78&G78&M78&H78&I78 -> G0104_3¶粉碎机门保¶GrinderDoor Protect
A79: 13 | B79: 61 | C79: I207.4 | D79: =RI1-DI04 | E79: =TRIM(MID(SUBSTITUTE($J79,":",REPT(" ",40)),1,40)) -> G0104_3V | F79: =TRIM(MID(SUBSTITUTE($J79,":",REPT(" ",40)),40,40)) -> 粉碎机导向阀 | G79: =TRIM(MID(SUBSTITUTE($J79,":",REPT(" ",40)),80,40)) -> 开门到位 | H79: =TRIM(MID(SUBSTITUTE($J79,":",REPT(" ",40)),120,40)) -> Grinder Valve | I79: =TRIM(MID(SUBSTITUTE($J79,":",REPT(" ",40)),160,40)) -> Openning | J79: G0104_3V:粉碎机导向阀:开门到位:Grinder Valve:Openning | M79: ¶ | N79: - | O79: =D79 -> =RI1-DI04 | P79: =A79 -> 13 | Q79: =C79 -> I207.4 | R79: =E79&M79&F79&G79&M79&H79&I79 -> G0104_3V¶粉碎机导向阀开门到位¶Grinder ValveOpenning
A80: 14 | B80: 62 | C80: I207.5 | D80: =RI1-DI04 | E80: =TRIM(MID(SUBSTITUTE($J80,":",REPT(" ",40)),1,40)) -> G0104_3V | F80: =TRIM(MID(SUBSTITUTE($J80,":",REPT(" ",40)),40,40)) -> 粉碎机导向阀 | G80: =TRIM(MID(SUBSTITUTE($J80,":",REPT(" ",40)),80,40)) -> 关门到位 | H80: =TRIM(MID(SUBSTITUTE($J80,":",REPT(" ",40)),120,40)) -> Grinder Valve | I80: =TRIM(MID(SUBSTITUTE($J80,":",REPT(" ",40)),160,40)) -> Closing | J80: G0104_3V:粉碎机导向阀:关门到位:Grinder Valve:Closing | M80: ¶ | N80: - | O80: =D80 -> =RI1-DI04 | P80: =A80 -> 14 | Q80: =C80 -> I207.5 | R80: =E80&M80&F80&G80&M80&H80&I80 -> G0104_3V¶粉碎机导向阀关门到位¶Grinder ValveClosing
A81: 15 | B81: 63 | C81: I207.6 | D81: =RI1-DI04 | E81: =TRIM(MID(SUBSTITUTE($J81,":",REPT(" ",40)),1,40)) -> G0104_3 | F81: =TRIM(MID(SUBSTITUTE($J81,":",REPT(" ",40)),40,40)) -> 粉碎机 | G81: =TRIM(MID(SUBSTITUTE($J81,":",REPT(" ",40)),80,40)) -> 软起故障 | H81: =TRIM(MID(SUBSTITUTE($J81,":",REPT(" ",40)),120,40)) -> Grinder | I81: =TRIM(MID(SUBSTITUTE($J81,":",REPT(" ",40)),160,40)) -> Softer Alarm | J81: G0104_3:粉碎机:软起故障:Grinder :Softer Alarm | M81: ¶ | N81: - | O81: =D81 -> =RI1-DI04 | P81: =A81 -> 15 | Q81: =C81 -> I207.6 | R81: =E81&M81&F81&G81&M81&H81&I81 -> G0104_3¶粉碎机软起故障¶GrinderSofter Alarm
A82: 16 | B82: 64 | C82: I207.7 | D82: =RI1-DI04 | E82: =TRIM(MID(SUBSTITUTE($J82,":",REPT(" ",40)),1,40)) -> G0106_1 | F82: =TRIM(MID(SUBSTITUTE($J82,":",REPT(" ",40)),40,40)) -> 除尘器 | G82: =TRIM(MID(SUBSTITUTE($J82,":",REPT(" ",40)),80,40)) -> 运行 | H82: =TRIM(MID(SUBSTITUTE($J82,":",REPT(" ",40)),120,40)) -> FILTER | I82: =TRIM(MID(SUBSTITUTE($J82,":",REPT(" ",40)),160,40)) -> Running | J82: G0106_1:除尘器:运行:FILTER:Running | M82: ¶ | N82: - | O82: =D82 -> =RI1-DI04 | P82: =A82 -> 16 | Q82: =C82 -> I207.7 | R82: =E82&M82&F82&G82&M82&H82&I82 -> G0106_1¶除尘器运行¶FILTERRunning
A83: 1 | B83: 65 | C83: I208.0 | D83: =RI1-DI05 | E83: =TRIM(MID(SUBSTITUTE($J83,":",REPT(" ",40)),1,40)) -> G0106_2 | F83: =TRIM(MID(SUBSTITUTE($J83,":",REPT(" ",40)),40,40)) -> 关风器 | G83: =TRIM(MID(SUBSTITUTE($J83,":",REPT(" ",40)),80,40)) -> 运行 | H83: =TRIM(MID(SUBSTITUTE($J83,":",REPT(" ",40)),120,40)) -> Airlock | I83: =TRIM(MID(SUBSTITUTE($J83,":",REPT(" ",40)),160,40)) -> Running | J83: G0106_2:关风器:运行:Airlock:Running | M83: ¶ | N83: - | O83: =D83 -> =RI1-DI05 | P83: =A83 -> 1 | Q83: =C83 -> I208.0 | R83: =E83&M83&F83&G83&M83&H83&I83 -> G0106_2¶关风器运行¶AirlockRunning
A84: 2 | B84: 66 | C84: I208.1 | D84: =RI1-DI05 | E84: =TRIM(MID(SUBSTITUTE($J84,":",REPT(" ",40)),1,40)) -> G0106_3 | F84: =TRIM(MID(SUBSTITUTE($J84,":",REPT(" ",40)),40,40)) -> 扫灰电机 | G84: =TRIM(MID(SUBSTITUTE($J84,":",REPT(" ",40)),80,40)) -> 运行 | H84: =TRIM(MID(SUBSTITUTE($J84,":",REPT(" ",40)),120,40)) -> Cleaning motor | I84: =TRIM(MID(SUBSTITUTE($J84,":",REPT(" ",40)),160,40)) -> Running | J84: G0106_3:扫灰电机:运行:Cleaning motor:Running | M84: ¶ | N84: - | O84: =D84 -> =RI1-DI05 | P84: =A84 -> 2 | Q84: =C84 -> I208.1 | R84: =E84&M84&F84&G84&M84&H84&I84 -> G0106_3¶扫灰电机运行¶Cleaning motorRunning
A85: 3 | B85: 67 | C85: I208.2 | D85: =RI1-DI05 | E85: =TRIM(MID(SUBSTITUTE($J85,":",REPT(" ",40)),1,40)) -> G0107 | F85: =TRIM(MID(SUBSTITUTE($J85,":",REPT(" ",40)),40,40)) -> 风门电机 | G85: =TRIM(MID(SUBSTITUTE($J85,":",REPT(" ",40)),80,40)) -> 正转到位 | H85: =TRIM(MID(SUBSTITUTE($J85,":",REPT(" ",40)),120,40)) -> Airdoor | I85: =TRIM(MID(SUBSTITUTE($J85,":",REPT(" ",40)),160,40)) -> FOR. Limit | J85: G0107:风门电机:正转到位:Airdoor:FOR. Limit | M85: ¶ | N85: - | O85: =D85 -> =RI1-DI05 | P85: =A85 -> 3 | Q85: =C85 -> I208.2 | R85: =E85&M85&F85&G85&M85&H85&I85 -> G0107¶风门电机正转到位¶AirdoorFOR. Limit
A86: 4 | B86: 68 | C86: I208.3 | D86: =RI1-DI05 | E86: =TRIM(MID(SUBSTITUTE($J86,":",REPT(" ",40)),1,40)) -> G0107 | F86: =TRIM(MID(SUBSTITUTE($J86,":",REPT(" ",40)),40,40)) -> 风门电机 | G86: =TRIM(MID(SUBSTITUTE($J86,":",REPT(" ",40)),80,40)) -> 中间到位 | H86: =TRIM(MID(SUBSTITUTE($J86,":",REPT(" ",40)),120,40)) -> Airdoor | I86: =TRIM(MID(SUBSTITUTE($J86,":",REPT(" ",40)),160,40)) -> MID. Limit | J86: G0107:风门电机:中间到位:Airdoor:MID. Limit | M86: ¶ | N86: - | O86: =D86 -> =RI1-DI05 | P86: =A86 -> 4 | Q86: =C86 -> I208.3 | R86: =E86&M86&F86&G86&M86&H86&I86 -> G0107¶风门电机中间到位¶AirdoorMID. Limit
... A92: 10 | B92: 74 | C92: I209.1 | D92: =RI1-DI05 | E92: =TRIM(MID(SUBSTITUTE($J92,":",REPT(" ",40)),1,40)) -> G0113 | F92: =TRIM(MID(SUBSTITUTE($J92,":",REPT(" ",40)),40,40)) -> 刮板机 | G92: =TRIM(MID(SUBSTITUTE($J92,":",REPT(" ",40)),80,40)) -> 急停 | H92: =TRIM(MID(SUBSTITUTE($J92,":",REPT(" ",40)),120,40)) -> Conveyor | I92: =TRIM(MID(SUBSTITUTE($J92,":",REPT(" ",40)),160,40)) -> Estop | J92: G0113:刮板机:急停:Conveyor:Estop | M92: ¶ | N92: - | O92: =D92 -> =RI1-DI05 | P92: =A92 -> 10 | Q92: =C92 -> I209.1 | R92: =E92&M92&F92&G92&M92&H92&I92 -> G0113¶刮板机急停¶ConveyorEstop
A93: 11 | B93: 75 | C93: I209.2 | D93: =RI1-DI05 | E93: 除铁门保 | F93: =TRIM(MID(SUBSTITUTE($J93,":",REPT(" ",40)),80,40)) -> 绞龙接近开关 | G93: =TRIM(MID(SUBSTITUTE($J93,":",REPT(" ",40)),120,40)) -> WORKING POSITION | H93: =TRIM(MID(SUBSTITUTE($J93,":",REPT(" ",40)),120,40)) -> WORKING POSITION | I93: =TRIM(MID(SUBSTITUTE($J93,":",REPT(" ",40)),160,40)) -> WO | J93: G0104-S1-:绞龙接近开关:绞龙接近开关:WORKING POSITION:WORKING POSITION | M93: ¶ | N93: - | O93: =D93 -> =RI1-DI05 | P93: =A93 -> 11 | Q93: =C93 -> I209.2 | R93: =E93&M93&F93&G93&M93&H93&I93 -> 除铁门保¶绞龙接近开关WORKING POSITION¶WORKING POSITIONWO
A94: 12 | B94: 76 | C94: I209.3 | D94: =RI1-DI05 | E94: 风门门保 | F94: =TRIM(MID(SUBSTITUTE($J94,":",REPT(" ",40)),80,40)) -> 绞龙接近开关 | G94: =TRIM(MID(SUBSTITUTE($J94,":",REPT(" ",40)),120,40)) -> CONTROL ON AIR INL | H94: =TRIM(MID(SUBSTITUTE($J94,":",REPT(" ",40)),120,40)) -> CONTROL ON AIR INL | I94: =TRIM(MID(SUBSTITUTE($J94,":",REPT(" ",40)),160,40)) -> ET | J94: G0104-S2-:绞龙接近开关:绞龙接近开关:CONTROL ON AIR INLET:CONTROL ON AIR INLET | M94: ¶ | N94: - | O94: =D94 -> =RI1-DI05 | P94: =A94 -> 12 | Q94: =C94 -> I209.3 | R94: =E94&M94&F94&G94&M94&H94&I94 -> 风门门保¶绞龙接近开关CONTROL ON AIR INL¶CONTROL ON AIR INLET
A95: 13 | B95: 77 | C95: I209.4 | D95: =RI1-DI05 | E95: =TRIM(MID(SUBSTITUTE($J95,":",REPT(" ",40)),1,40)) -> G0104-S3- | F95: =TRIM(MID(SUBSTITUTE($J95,":",REPT(" ",40)),40,40)) -> 喂料斗料位 | G95: =TRIM(MID(SUBSTITUTE($J95,":",REPT(" ",40)),80,40)) -> 喂料斗料位 | H95: =TRIM(MID(SUBSTITUTE($J95,":",REPT(" ",40)),120,40)) -> PRODUCT SENSOR 24VDC | I95: =TRIM(MID(SUBSTITUTE($J95,":",REPT(" ",40)),160,40)) | J95: G0104-S3-:喂料斗料位:喂料斗料位:PRODUCT SENSOR 24VDC:PRODUCT SENSOR 24VDC | M95: ¶ | N95: - | O95: =D95 -> =RI1-DI05 | P95: =A95 -> 13 | Q95: =C95 -> I209.4 | R95: =E95&M95&F95&G95&M95&H95&I95 -> G0104-S3-¶喂料斗料位喂料斗料位¶PRODUCT SENSOR 24VDC
A96: 14 | B96: 78 | C96: I209.5 | D96: =RI1-DI05 | E96: =TRIM(MID(SUBSTITUTE($J96,":",REPT(" ",40)),1,40)) -> G0104-S4- | F96: =TRIM(MID(SUBSTITUTE($J96,":",REPT(" ",40)),40,40)) -> 备用 | G96: =TRIM(MID(SUBSTITUTE($J96,":",REPT(" ",40)),80,40)) -> 备用 | H96: =TRIM(MID(SUBSTITUTE($J96,":",REPT(" ",40)),120,40)) -> SPARE | I96: =TRIM(MID(SUBSTITUTE($J96,":",REPT(" ",40)),160,40)) -> SPARE | J96: G0104-S4-:备用:备用:SPARE:SPARE | M96: ¶ | N96: - | O96: =D96 -> =RI1-DI05 | P96: =A96 -> 14 | Q96: =C96 -> I209.5 | R96: =E96&M96&F96&G96&M96&H96&I96 -> G0104-S4-¶备用备用¶SPARESPARE
A97: 15 | B97: 79 | C97: I209.6 | D97: =RI1-DI05 | E97: R0103 | F97: =TRIM(MID(SUBSTITUTE($J97,":",REPT(" ",40)),40,40)) | G97: =TRIM(MID(SUBSTITUTE($J97,":",REPT(" ",40)),80,40)) | H97: 新增20231123 | I97: =TRIM(MID(SUBSTITUTE($J97,":",REPT(" ",40)),160,40)) | J97: 备用 Spare | M97: ¶ | N97: - | O97: =D97 -> =RI1-DI05 | P97: =A97 -> 15 | Q97: =C97 -> I209.6 | R97: =E97&M97&F97&G97&M97&H97&I97 -> R0103¶¶新增20231123
A98: 16 | B98: 80 | C98: I209.7 | D98: =RI1-DI05 | E98: R0101_1 | F98: =TRIM(MID(SUBSTITUTE($J98,":",REPT(" ",40)),40,40)) | G98: =TRIM(MID(SUBSTITUTE($J98,":",REPT(" ",40)),80,40)) | H98: 新增20231123 | I98: =TRIM(MID(SUBSTITUTE($J98,":",REPT(" ",40)),160,40)) | J98: 备用 Spare | M98: ¶ | N98: - | O98: =D98 -> =RI1-DI05 | P98: =A98 -> 16 | Q98: =C98 -> I209.7 | R98: =E98&M98&F98&G98&M98&H98&I98 -> R0101_1¶¶新增20231123
A99: 1 | B99: 81 | C99: I210.0 | D99: =RI1-DI06 | E99: G0104_3 | F99: 粉碎机换筛网阀1 | G99: 关门信号 | H99: 新增20231123 | I99: =TRIM(MID(SUBSTITUTE($J99,":",REPT(" ",40)),160,40)) | J99: 备用 Spare | M99: ¶ | N99: - | O99: =D99 -> =RI1-DI06 | P99: =A99 -> 1 | Q99: =C99 -> I210.0 | R99: =E99&M99&F99&G99&M99&H99&I99 -> G0104_3¶粉碎机换筛网阀1关门信号¶新增20231123
A100: 2 | B100: 82 | C100: I210.1 | D100: =RI1-DI06 | E100: G0104_3 | F100: 粉碎机换筛网阀2 | G100: 关门信号 | H100: 新增20231123 | I100: =TRIM(MID(SUBSTITUTE($J100,":",REPT(" ",40)),160,40)) | J100: 备用 Spare | M100: ¶ | N100: - | O100: =D100 -> =RI1-DI06 | P100: =A100 -> 2 | Q100: =C100 -> I210.1 | R100: =E100&M100&F100&G100&M100&H100&I100 -> G0104_3¶粉碎机换筛网阀2关门信号¶新增20231123
A101: 3 | B101: 83 | C101: I210.2 | F101: 1气锁关门 | I101: =TRIM(MID(SUBSTITUTE($J101,":",REPT(" ",40)),160,40)) | J101: 备用 Spare | M101: ¶ | N101: - | O101: =D101 -> 0 | P101: =A101 -> 3 | Q101: =C101 -> I210.2 | R101: ='MCC7-8'!E80&M101&'MCC7-8'!F80&'MCC7-8'!G80&M101&'MCC7-8'!H80&I101 -> G0203_3¶粉碎机换筛网阀1关门信号¶新增20231123
A102: 4 | B102: 84 | C102: I210.3 | F102: 2气锁关门 | I102: =TRIM(MID(SUBSTITUTE($J102,":",REPT(" ",40)),160,40)) | J102: 备用 Spare | M102: ¶ | N102: - | O102: =D102 -> 0 | P102: =A102 -> 4 | Q102: =C102 -> I210.3 | R102: ='MCC7-8'!E81&M102&'MCC7-8'!F81&'MCC7-8'!G81&M102&'MCC7-8'!H81&I102 -> G0203_3¶粉碎机换筛网阀2关门信号¶新增20231123
A103: 5 | B103: 85 | C103: I210.4 | I103: =TRIM(MID(SUBSTITUTE($J103,":",REPT(" ",40)),160,40)) | J103: 备用 Spare | M103: ¶ | N103: - | O103: =D103 -> 0 | P103: =A103 -> 5 | Q103: =C103 -> I210.4 | R103: =E101&M103&F101&G101&M103&H101&I103 -> ¶1气锁关门¶
A104: 6 | B104: 86 | C104: I210.5 | D104: =RI1-DI06 | I104: =TRIM(MID(SUBSTITUTE($J104,":",REPT(" ",40)),160,40)) | J104: 备用 Spare | M104: ¶ | N104: - | O104: =D104 -> =RI1-DI06 | P104: =A104 -> 6 | Q104: =C104 -> I210.5 | R104: =E102&M104&F102&G102&M104&H102&I104 -> ¶2气锁关门¶
A105: 7 | B105: 87 | C105: I210.6 | D105: =RI1-DI06 | I105: =TRIM(MID(SUBSTITUTE($J105,":",REPT(" ",40)),160,40)) | J105: 备用 Spare | M105: ¶ | N105: - | O105: =D105 -> =RI1-DI06 | P105: =A105 -> 7 | Q105: =C105 -> I210.6 | R105: ='MCC7-8'!E82&M105&'MCC7-8'!F82&'MCC7-8'!G82&M105&'MCC7-8'!H82&I105 -> ¶喷涂仓三通左通左通¶
A106: 8 | B106: 88 | C106: I210.7 | D106: =RI1-DI06 | I106: =TRIM(MID(SUBSTITUTE($J106,":",REPT(" ",40)),160,40)) | J106: 备用 Spare | M106: ¶ | N106: - | O106: =D106 -> =RI1-DI06 | P106: =A106 -> 8 | Q106: =C106 -> I210.7 | R106: ='MCC7-8'!E83&M106&'MCC7-8'!F83&'MCC7-8'!G83&M106&'MCC7-8'!H83&I106 -> ¶喷涂仓三通右通右通¶
A107: 9 | B107: 89 | C107: I211.0 | D107: =RI1-DI06 | F107: =TRIM(MID(SUBSTITUTE($J107,":",REPT(" ",40)),40,40)) | G107: =TRIM(MID(SUBSTITUTE($J107,":",REPT(" ",40)),80,40)) | H107: =TRIM(MID(SUBSTITUTE($J107,":",REPT(" ",40)),120,40)) | I107: =TRIM(MID(SUBSTITUTE($J107,":",REPT(" ",40)),160,40)) | J107: 备用 Spare | M107: ¶ | N107: - | O107: =D107 -> =RI1-DI06 | P107: =A107 -> 9 | Q107: =C107 -> I211.0 | R107: =E107&M107&F107&G107&M107&H107&I107 -> ¶¶
A108: 10 | B108: 90 | C108: I211.1 | D108: =RI1-DI06 | F108: =TRIM(MID(SUBSTITUTE($J108,":",REPT(" ",40)),40,40)) | G108: =TRIM(MID(SUBSTITUTE($J108,":",REPT(" ",40)),80,40)) | H108: =TRIM(MID(SUBSTITUTE($J108,":",REPT(" ",40)),120,40)) | I108: =TRIM(MID(SUBSTITUTE($J108,":",REPT(" ",40)),160,40)) | J108: 备用 Spare | M108: ¶ | N108: - | O108: =D108 -> =RI1-DI06 | P108: =A108 -> 10 | Q108: =C108 -> I211.1 | R108: =E108&M108&F108&G108&M108&H108&I108 -> ¶¶
A109: 11 | B109: 91 | C109: I211.2 | D109: =RI1-DI06 | F109: =TRIM(MID(SUBSTITUTE($J109,":",REPT(" ",40)),40,40)) | G109: =TRIM(MID(SUBSTITUTE($J109,":",REPT(" ",40)),80,40)) | H109: =TRIM(MID(SUBSTITUTE($J109,":",REPT(" ",40)),120,40)) | I109: =TRIM(MID(SUBSTITUTE($J109,":",REPT(" ",40)),160,40)) | J109: 备用 Spare | M109: ¶ | N109: - | O109: =D109 -> =RI1-DI06 | P109: =A109 -> 11 | Q109: =C109 -> I211.2 | R109: =E109&M109&F109&G109&M109&H109&I109 -> ¶¶
A110: 12 | B110: 92 | C110: I211.3 | D110: =RI1-DI06 | F110: =TRIM(MID(SUBSTITUTE($J110,":",REPT(" ",40)),40,40)) | G110: =TRIM(MID(SUBSTITUTE($J110,":",REPT(" ",40)),80,40)) | H110: =TRIM(MID(SUBSTITUTE($J110,":",REPT(" ",40)),120,40)) | I110: =TRIM(MID(SUBSTITUTE($J110,":",REPT(" ",40)),160,40)) | J110: 备用 Spare | M110: ¶ | N110: - | O110: =D110 -> =RI1-DI06 | P110: =A110 -> 12 | Q110: =C110 -> I211.3 | R110: =E110&M110&F110&G110&M110&H110&I110 -> ¶¶
A111: 13 | B111: 93 | C111: I211.4 | D111: =RI1-DI06 | F111: =TRIM(MID(SUBSTITUTE($J111,":",REPT(" ",40)),40,40)) | G111: =TRIM(MID(SUBSTITUTE($J111,":",REPT(" ",40)),80,40)) | H111: =TRIM(MID(SUBSTITUTE($J111,":",REPT(" ",40)),120,40)) | I111: =TRIM(MID(SUBSTITUTE($J111,":",REPT(" ",40)),160,40)) | J111: 备用 Spare | M111: ¶ | N111: - | O111: =D111 -> =RI1-DI06 | P111: =A111 -> 13 | Q111: =C111 -> I211.4 | R111: =E111&M111&F111&G111&M111&H111&I111 -> ¶¶
A112: 14 | B112: 94 | C112: I211.5 | D112: =RI1-DI06 | F112: =TRIM(MID(SUBSTITUTE($J112,":",REPT(" ",40)),40,40)) | G112: =TRIM(MID(SUBSTITUTE($J112,":",REPT(" ",40)),80,40)) | H112: =TRIM(MID(SUBSTITUTE($J112,":",REPT(" ",40)),120,40)) | I112: =TRIM(MID(SUBSTITUTE($J112,":",REPT(" ",40)),160,40)) | J112: 备用 Spare | M112: ¶ | N112: - | O112: =D112 -> =RI1-DI06 | P112: =A112 -> 14 | Q112: =C112 -> I211.5 | R112: =E112&M112&F112&G112&M112&H112&I112 -> ¶¶
A113: 15 | B113: 95 | C113: I211.6 | D113: =RI1-DI06 | F113: =TRIM(MID(SUBSTITUTE($J113,":",REPT(" ",40)),40,40)) | G113: =TRIM(MID(SUBSTITUTE($J113,":",REPT(" ",40)),80,40)) | H113: =TRIM(MID(SUBSTITUTE($J113,":",REPT(" ",40)),120,40)) | I113: =TRIM(MID(SUBSTITUTE($J113,":",REPT(" ",40)),160,40)) | J113: 备用 Spare | M113: ¶ | N113: - | O113: =D113 -> =RI1-DI06 | P113: =A113 -> 15 | Q113: =C113 -> I211.6 | R113: =E113&M113&F113&G113&M113&H113&I113 -> ¶¶
A114: 16 | B114: 96 | C114: I211.7 | D114: =RI1-DI06 | F114: =TRIM(MID(SUBSTITUTE($J114,":",REPT(" ",40)),40,40)) | G114: =TRIM(MID(SUBSTITUTE($J114,":",REPT(" ",40)),80,40)) | H114: =TRIM(MID(SUBSTITUTE($J114,":",REPT(" ",40)),120,40)) | I114: =TRIM(MID(SUBSTITUTE($J114,":",REPT(" ",40)),160,40)) | J114: 备用 Spare | M114: ¶ | N114: - | O114: =D114 -> =RI1-DI06 | P114: =A114 -> 16 | Q114: =C114 -> I211.7 | R114: =E114&M114&F114&G114&M114&H114&I114 -> ¶¶
B118: 序号 | C118: 地址 | D118: 符号表 | E118: 编号 | F118: 设备名称 | G118: 信号名称 | H118: 设备名称（英文） | I118: 信号名称（英文） | J118: 设备名称 | K118: 备注 | L118: 柜号
A119: 1 | B119: 1 | C119: Q200.0 | D119: =RI1-DO01 | E119: =TRIM(MID(SUBSTITUTE($J119,":",REPT(" ",40)),1,40)) -> R0101 | F119: =TRIM(MID(SUBSTITUTE($J119,":",REPT(" ",40)),40,40)) -> 提升机 | G119: =TRIM(MID(SUBSTITUTE($J119,":",REPT(" ",40)),80,40)) -> 启动 | H119: =TRIM(MID(SUBSTITUTE($J119,":",REPT(" ",40)),120,40)) -> Elevator | I119: =TRIM(MID(SUBSTITUTE($J119,":",REPT(" ",40)),160,40)) -> Start | J119: R0101:提升机:启动:Elevator:Start | M119: ¶ | N119: - | O119: =D119 -> =RI1-DO01 | P119: =A119 -> 1 | Q119: =C119 -> Q200.0 | R119: =E119&M119&F119&G119&M119&H119&I119 -> R0101¶提升机启动¶ElevatorStart
A120: 2 | B120: 2 | C120: Q200.1 | D120: =RI1-DO01 | E120: =TRIM(MID(SUBSTITUTE($J120,":",REPT(" ",40)),1,40)) -> R0102 | F120: =TRIM(MID(SUBSTITUTE($J120,":",REPT(" ",40)),40,40)) -> 刮板机 | G120: =TRIM(MID(SUBSTITUTE($J120,":",REPT(" ",40)),80,40)) -> 启动 | H120: =TRIM(MID(SUBSTITUTE($J120,":",REPT(" ",40)),120,40)) -> Conveyor | I120: =TRIM(MID(SUBSTITUTE($J120,":",REPT(" ",40)),160,40)) -> Start | J120: R0102:刮板机:启动:Conveyor:Start | M120: ¶ | N120: - | O120: =D120 -> =RI1-DO01 | P120: =A120 -> 2 | Q120: =C120 -> Q200.1 | R120: =E120&M120&F120&G120&M120&H120&I120 -> R0102¶刮板机启动¶ConveyorStart
A121: 3 | B121: 3 | C121: Q200.2 | D121: =RI1-DO01 | E121: =TRIM(MID(SUBSTITUTE($J121,":",REPT(" ",40)),1,40)) -> R0105 | F121: =TRIM(MID(SUBSTITUTE($J121,":",REPT(" ",40)),40,40)) -> 旋转分配器 | G121: =TRIM(MID(SUBSTITUTE($J121,":",REPT(" ",40)),80,40)) -> 启动 | H121: =TRIM(MID(SUBSTITUTE($J121,":",REPT(" ",40)),120,40)) -> Rotary Distributor | I121: =TRIM(MID(SUBSTITUTE($J121,":",REPT(" ",40)),160,40)) -> Start | J121: R0105:旋转分配器:启动:Rotary Distributor:Start | M121: ¶ | N121: - | O121: =D121 -> =RI1-DO01 | P121: =A121 -> 3 | Q121: =C121 -> Q200.2 | R121: =E121&M121&F121&G121&M121&H121&I121 -> R0105¶旋转分配器启动¶Rotary DistributorStart
A122: 4 | B122: 4 | C122: Q200.3 | D122: =RI1-DO01 | E122: =TRIM(MID(SUBSTITUTE($J122,":",REPT(" ",40)),1,40)) -> R0203 | F122: =TRIM(MID(SUBSTITUTE($J122,":",REPT(" ",40)),40,40)) -> 风机 | G122: =TRIM(MID(SUBSTITUTE($J122,":",REPT(" ",40)),80,40)) -> 启动 | H122: =TRIM(MID(SUBSTITUTE($J122,":",REPT(" ",40)),120,40)) -> Fan | I122: =TRIM(MID(SUBSTITUTE($J122,":",REPT(" ",40)),160,40)) -> Start | J122: R0203:风机:启动:Fan:Start | M122: ¶ | N122: - | O122: =D122 -> =RI1-DO01 | P122: =A122 -> 4 | Q122: =C122 -> Q200.3 | R122: =E122&M122&F122&G122&M122&H122&I122 -> R0203¶风机启动¶FanStart
A123: 5 | B123: 5 | C123: Q200.4 | D123: =RI1-DO01 | E123: =TRIM(MID(SUBSTITUTE($J123,":",REPT(" ",40)),1,40)) -> R0205 | F123: =TRIM(MID(SUBSTITUTE($J123,":",REPT(" ",40)),40,40)) -> 刮板机 | G123: =TRIM(MID(SUBSTITUTE($J123,":",REPT(" ",40)),80,40)) -> 启动 | H123: =TRIM(MID(SUBSTITUTE($J123,":",REPT(" ",40)),120,40)) -> Conveyor | I123: =TRIM(MID(SUBSTITUTE($J123,":",REPT(" ",40)),160,40)) -> Start | J123: R0205:刮板机:启动:Conveyor:Start | M123: ¶ | N123: - | O123: =D123 -> =RI1-DO01 | P123: =A123 -> 5 | Q123: =C123 -> Q200.4 | R123: =E123&M123&F123&G123&M123&H123&I123 -> R0205¶刮板机启动¶ConveyorStart
A124: 6 | B124: 6 | C124: Q200.5 | D124: =RI1-DO01 | E124: =TRIM(MID(SUBSTITUTE($J124,":",REPT(" ",40)),1,40)) -> R0206 | F124: =TRIM(MID(SUBSTITUTE($J124,":",REPT(" ",40)),40,40)) -> 提升机 | G124: =TRIM(MID(SUBSTITUTE($J124,":",REPT(" ",40)),80,40)) -> 启动 | H124: =TRIM(MID(SUBSTITUTE($J124,":",REPT(" ",40)),120,40)) -> Elevator | I124: =TRIM(MID(SUBSTITUTE($J124,":",REPT(" ",40)),160,40)) -> Start | J124: R0206:提升机:启动:Elevator:Start | M124: ¶ | N124: - | O124: =D124 -> =RI1-DO01 | P124: =A124 -> 6 | Q124: =C124 -> Q200.5 | R124: =E124&M124&F124&G124&M124&H124&I124 -> R0206¶提升机启动¶ElevatorStart
A125: 7 | B125: 7 | C125: Q200.6 | D125: =RI1-DO01 | E125: =TRIM(MID(SUBSTITUTE($J125,":",REPT(" ",40)),1,40)) -> R0207 | F125: =TRIM(MID(SUBSTITUTE($J125,":",REPT(" ",40)),40,40)) -> 初清筛 | G125: =TRIM(MID(SUBSTITUTE($J125,":",REPT(" ",40)),80,40)) -> 启动 | H125: =TRIM(MID(SUBSTITUTE($J125,":",REPT(" ",40)),120,40)) -> Precleaner | I125: =TRIM(MID(SUBSTITUTE($J125,":",REPT(" ",40)),160,40)) -> Start | J125: R0207:初清筛:启动:Precleaner:Start | M125: ¶ | N125: - | O125: =D125 -> =RI1-DO01 | P125: =A125 -> 7 | Q125: =C125 -> Q200.6 | R125: =E125&M125&F125&G125&M125&H125&I125 -> R0207¶初清筛启动¶PrecleanerStart
A126: 8 | B126: 8 | C126: Q200.7 | D126: =RI1-DO01 | E126: =TRIM(MID(SUBSTITUTE($J126,":",REPT(" ",40)),1,40)) -> R0209 | F126: =TRIM(MID(SUBSTITUTE($J126,":",REPT(" ",40)),40,40)) -> 风机 | G126: =TRIM(MID(SUBSTITUTE($J126,":",REPT(" ",40)),80,40)) -> 启动 | H126: =TRIM(MID(SUBSTITUTE($J126,":",REPT(" ",40)),120,40)) -> Fan | I126: =TRIM(MID(SUBSTITUTE($J126,":",REPT(" ",40)),160,40)) -> Start | J126: R0209:风机:启动:Fan:Start | M126: ¶ | N126: - | O126: =D126 -> =RI1-DO01 | P126: =A126 -> 8 | Q126: =C126 -> Q200.7 | R126: =E126&M126&F126&G126&M126&H126&I126 -> R0209¶风机启动¶FanStart
A127: 9 | B127: 9 | C127: Q201.0 | D127: =RI1-DO01 | E127: =TRIM(MID(SUBSTITUTE($J127,":",REPT(" ",40)),1,40)) -> R0212 | F127: =TRIM(MID(SUBSTITUTE($J127,":",REPT(" ",40)),40,40)) -> 旋转分配器 | G127: =TRIM(MID(SUBSTITUTE($J127,":",REPT(" ",40)),80,40)) -> 启动 | H127: =TRIM(MID(SUBSTITUTE($J127,":",REPT(" ",40)),120,40)) -> Rotary Distributor | I127: =TRIM(MID(SUBSTITUTE($J127,":",REPT(" ",40)),160,40)) -> Start | J127: R0212:旋转分配器:启动:Rotary Distributor:Start | M127: ¶ | N127: - | O127: =D127 -> =RI1-DO01 | P127: =A127 -> 9 | Q127: =C127 -> Q201.0 | R127: =E127&M127&F127&G127&M127&H127&I127 -> R0212¶旋转分配器启动¶Rotary DistributorStart
A128: 10 | B128: 10 | C128: Q201.1 | D128: =RI1-DO01 | E128: =TRIM(MID(SUBSTITUTE($J128,":",REPT(" ",40)),1,40)) -> R0213 | F128: =TRIM(MID(SUBSTITUTE($J128,":",REPT(" ",40)),40,40)) -> 刮板机 | G128: =TRIM(MID(SUBSTITUTE($J128,":",REPT(" ",40)),80,40)) -> 启动 | H128: =TRIM(MID(SUBSTITUTE($J128,":",REPT(" ",40)),120,40)) -> Conveyor | I128: =TRIM(MID(SUBSTITUTE($J128,":",REPT(" ",40)),160,40)) -> Start | J128: R0213:刮板机:启动:Conveyor:Start | M128: ¶ | N128: - | O128: =D128 -> =RI1-DO01 | P128: =A128 -> 10 | Q128: =C128 -> Q201.1 | R128: =E128&M128&F128&G128&M128&H128&I128 -> R0213¶刮板机启动¶ConveyorStart
A129: 11 | B129: 11 | C129: Q201.2 | D129: =RI1-DO01 | E129: =TRIM(MID(SUBSTITUTE($J129,":",REPT(" ",40)),1,40)) -> D01 | F129: =TRIM(MID(SUBSTITUTE($J129,":",REPT(" ",40)),40,40)) -> 配料绞龙 | G129: =TRIM(MID(SUBSTITUTE($J129,":",REPT(" ",40)),80,40)) -> 启动 | H129: =TRIM(MID(SUBSTITUTE($J129,":",REPT(" ",40)),120,40)) -> Dosing screw | I129: =TRIM(MID(SUBSTITUTE($J129,":",REPT(" ",40)),160,40)) -> Start | J129: D01:配料绞龙:启动:Dosing screw:Start | M129: ¶ | N129: - | O129: =D129 -> =RI1-DO01 | P129: =A129 -> 11 | Q129: =C129 -> Q201.2 | R129: =E129&M129&F129&G129&M129&H129&I129 -> D01¶配料绞龙启动¶Dosing screwStart
A130: 12 | B130: 12 | C130: Q201.3 | D130: =RI1-DO01 | E130: =TRIM(MID(SUBSTITUTE($J130,":",REPT(" ",40)),1,40)) -> D02 | F130: =TRIM(MID(SUBSTITUTE($J130,":",REPT(" ",40)),40,40)) -> 配料绞龙 | G130: =TRIM(MID(SUBSTITUTE($J130,":",REPT(" ",40)),80,40)) -> 启动 | H130: =TRIM(MID(SUBSTITUTE($J130,":",REPT(" ",40)),120,40)) -> Dosing screw | I130: =TRIM(MID(SUBSTITUTE($J130,":",REPT(" ",40)),160,40)) -> Start | J130: D02:配料绞龙:启动:Dosing screw:Start | M130: ¶ | N130: - | O130: =D130 -> =RI1-DO01 | P130: =A130 -> 12 | Q130: =C130 -> Q201.3 | R130: =E130&M130&F130&G130&M130&H130&I130 -> D02¶配料绞龙启动¶Dosing screwStart
... A163: 13 | B163: 45 | C163: Q205.4 | D163: =RI1-DO03 | E163: =TRIM(MID(SUBSTITUTE($J163,":",REPT(" ",40)),1,40)) -> G0104_2 | F163: =TRIM(MID(SUBSTITUTE($J163,":",REPT(" ",40)),40,40)) -> 绞龙 | G163: =TRIM(MID(SUBSTITUTE($J163,":",REPT(" ",40)),80,40)) -> 正转 | H163: =TRIM(MID(SUBSTITUTE($J163,":",REPT(" ",40)),120,40)) -> Conveyor | I163: =TRIM(MID(SUBSTITUTE($J163,":",REPT(" ",40)),160,40)) -> FOR. | J163: G0104_2:绞龙:正转:Conveyor:FOR. | M163: ¶ | N163: - | O163: =D163 -> =RI1-DO03 | P163: =A163 -> 13 | Q163: =C163 -> Q205.4 | R163: =E163&M163&F163&G163&M163&H163&I163 -> G0104_2¶绞龙正转¶ConveyorFOR.
A164: 14 | B164: 46 | C164: Q205.5 | D164: =RI1-DO03 | E164: G0104_3V | F164: 粉碎机导向阀 | G164: 反转 | H164: =TRIM(MID(SUBSTITUTE($J164,":",REPT(" ",40)),120,40)) -> Conveyor | I164: =TRIM(MID(SUBSTITUTE($J164,":",REPT(" ",40)),160,40)) -> REV. | J164: G0104_2:绞龙:反转:Conveyor:REV. | M164: ¶ | N164: - | O164: =D164 -> =RI1-DO03 | P164: =A164 -> 14 | Q164: =C164 -> Q205.5 | R164: =E164&M164&F164&G164&M164&H164&I164 -> G0104_3V¶粉碎机导向阀反转¶ConveyorREV.
A165: 15 | B165: 47 | C165: Q205.6 | D165: =RI1-DO03 | E165: =TRIM(MID(SUBSTITUTE($J165,":",REPT(" ",40)),1,40)) -> G0104_3 | F165: =TRIM(MID(SUBSTITUTE($J165,":",REPT(" ",40)),40,40)) -> 粉碎机 | G165: =TRIM(MID(SUBSTITUTE($J165,":",REPT(" ",40)),80,40)) -> 启动 | H165: =TRIM(MID(SUBSTITUTE($J165,":",REPT(" ",40)),120,40)) -> Grinder | I165: =TRIM(MID(SUBSTITUTE($J165,":",REPT(" ",40)),160,40)) -> Start | J165: G0104_3:粉碎机:启动:Grinder:Start | M165: ¶ | N165: - | O165: =D165 -> =RI1-DO03 | P165: =A165 -> 15 | Q165: =C165 -> Q205.6 | R165: =E165&M165&F165&G165&M165&H165&I165 -> G0104_3¶粉碎机启动¶GrinderStart
A166: 16 | B166: 48 | C166: Q205.7 | D166: =RI1-DO03 | E166: =TRIM(MID(SUBSTITUTE($J166,":",REPT(" ",40)),1,40)) -> G0104_3V | F166: =TRIM(MID(SUBSTITUTE($J166,":",REPT(" ",40)),40,40)) -> 粉碎机导向阀 | G166: =TRIM(MID(SUBSTITUTE($J166,":",REPT(" ",40)),80,40)) -> 反转 | H166: =TRIM(MID(SUBSTITUTE($J166,":",REPT(" ",40)),120,40)) -> Grinder Valve | I166: =TRIM(MID(SUBSTITUTE($J166,":",REPT(" ",40)),160,40)) -> REV. | J166: G0104_3V:粉碎机导向阀:反转:Grinder Valve:REV. | M166: ¶ | N166: - | O166: =D166 -> =RI1-DO03 | P166: =A166 -> 16 | Q166: =C166 -> Q205.7 | R166: =E166&M166&F166&G166&M166&H166&I166 -> G0104_3V¶粉碎机导向阀反转¶Grinder ValveREV.
A167: 1 | B167: 49 | C167: Q206.0 | D167: =RI1-DO04 | E167: =TRIM(MID(SUBSTITUTE($J167,":",REPT(" ",40)),1,40)) -> G0106_1 | F167: =TRIM(MID(SUBSTITUTE($J167,":",REPT(" ",40)),40,40)) -> 除尘器 | G167: =TRIM(MID(SUBSTITUTE($J167,":",REPT(" ",40)),80,40)) -> 启动 | H167: =TRIM(MID(SUBSTITUTE($J167,":",REPT(" ",40)),120,40)) -> FILTER | I167: =TRIM(MID(SUBSTITUTE($J167,":",REPT(" ",40)),160,40)) -> Start | J167: G0106_1:除尘器:启动:FILTER:Start | M167: ¶ | N167: - | O167: =D167 -> =RI1-DO04 | P167: =A167 -> 1 | Q167: =C167 -> Q206.0 | R167: =E167&M167&F167&G167&M167&H167&I167 -> G0106_1¶除尘器启动¶FILTERStart
A168: 2 | B168: 50 | C168: Q206.1 | D168: =RI1-DO04 | E168: =TRIM(MID(SUBSTITUTE($J168,":",REPT(" ",40)),1,40)) -> G0106_2 | F168: =TRIM(MID(SUBSTITUTE($J168,":",REPT(" ",40)),40,40)) -> 关风器 | G168: =TRIM(MID(SUBSTITUTE($J168,":",REPT(" ",40)),80,40)) -> 启动 | H168: =TRIM(MID(SUBSTITUTE($J168,":",REPT(" ",40)),120,40)) -> Airlock | I168: =TRIM(MID(SUBSTITUTE($J168,":",REPT(" ",40)),160,40)) -> Start | J168: G0106_2:关风器:启动:Airlock:Start | M168: ¶ | N168: - | O168: =D168 -> =RI1-DO04 | P168: =A168 -> 2 | Q168: =C168 -> Q206.1 | R168: =E168&M168&F168&G168&M168&H168&I168 -> G0106_2¶关风器启动¶AirlockStart
A169: 3 | B169: 51 | C169: Q206.2 | D169: =RI1-DO04 | E169: =TRIM(MID(SUBSTITUTE($J169,":",REPT(" ",40)),1,40)) -> G0106_3 | F169: =TRIM(MID(SUBSTITUTE($J169,":",REPT(" ",40)),40,40)) -> 扫灰电机 | G169: =TRIM(MID(SUBSTITUTE($J169,":",REPT(" ",40)),80,40)) -> 启动 | H169: =TRIM(MID(SUBSTITUTE($J169,":",REPT(" ",40)),120,40)) -> Cleaning motor | I169: =TRIM(MID(SUBSTITUTE($J169,":",REPT(" ",40)),160,40)) -> Start | J169: G0106_3:扫灰电机:启动:Cleaning motor:Start | M169: ¶ | N169: - | O169: =D169 -> =RI1-DO04 | P169: =A169 -> 3 | Q169: =C169 -> Q206.2 | R169: =E169&M169&F169&G169&M169&H169&I169 -> G0106_3¶扫灰电机启动¶Cleaning motorStart
A170: 4 | B170: 52 | C170: Q206.3 | D170: =RI1-DO04 | E170: =TRIM(MID(SUBSTITUTE($J170,":",REPT(" ",40)),1,40)) -> G0107 | F170: =TRIM(MID(SUBSTITUTE($J170,":",REPT(" ",40)),40,40)) -> 风门电机 | G170: =TRIM(MID(SUBSTITUTE($J170,":",REPT(" ",40)),80,40)) -> 正转 | H170: =TRIM(MID(SUBSTITUTE($J170,":",REPT(" ",40)),120,40)) -> Airdoor | I170: =TRIM(MID(SUBSTITUTE($J170,":",REPT(" ",40)),160,40)) -> FOR. | J170: G0107:风门电机:正转:Airdoor:FOR. | M170: ¶ | N170: - | O170: =D170 -> =RI1-DO04 | P170: =A170 -> 4 | Q170: =C170 -> Q206.3 | R170: =E170&M170&F170&G170&M170&H170&I170 -> G0107¶风门电机正转¶AirdoorFOR.
A171: 5 | B171: 53 | C171: Q206.4 | D171: =RI1-DO04 | E171: =TRIM(MID(SUBSTITUTE($J171,":",REPT(" ",40)),1,40)) -> G0107 | F171: =TRIM(MID(SUBSTITUTE($J171,":",REPT(" ",40)),40,40)) -> 风门电机 | G171: =TRIM(MID(SUBSTITUTE($J171,":",REPT(" ",40)),80,40)) -> 反转 | H171: =TRIM(MID(SUBSTITUTE($J171,":",REPT(" ",40)),120,40)) -> Airdoor | I171: =TRIM(MID(SUBSTITUTE($J171,":",REPT(" ",40)),160,40)) -> REV. | J171: G0107:风门电机:反转:Airdoor:REV. | M171: ¶ | N171: - | O171: =D171 -> =RI1-DO04 | P171: =A171 -> 5 | Q171: =C171 -> Q206.4 | R171: =E171&M171&F171&G171&M171&H171&I171 -> G0107¶风门电机反转¶AirdoorREV.
A172: 6 | B172: 54 | C172: Q206.5 | D172: =RI1-DO04 | E172: =TRIM(MID(SUBSTITUTE($J172,":",REPT(" ",40)),1,40)) -> G0108 | F172: =TRIM(MID(SUBSTITUTE($J172,":",REPT(" ",40)),40,40)) -> 风机 | G172: =TRIM(MID(SUBSTITUTE($J172,":",REPT(" ",40)),80,40)) -> 启动 | H172: =TRIM(MID(SUBSTITUTE($J172,":",REPT(" ",40)),120,40)) -> Fan | I172: =TRIM(MID(SUBSTITUTE($J172,":",REPT(" ",40)),160,40)) -> Start | J172: G0108:风机:启动:Fan:Start | M172: ¶ | N172: - | O172: =D172 -> =RI1-DO04 | P172: =A172 -> 6 | Q172: =C172 -> Q206.5 | R172: =E172&M172&F172&G172&M172&H172&I172 -> G0108¶风机启动¶FanStart
A173: 7 | B173: 55 | C173: Q206.6 | D173: =RI1-DO04 | E173: =TRIM(MID(SUBSTITUTE($J173,":",REPT(" ",40)),1,40)) -> G0112 | F173: =TRIM(MID(SUBSTITUTE($J173,":",REPT(" ",40)),40,40)) -> 刮板机 | G173: =TRIM(MID(SUBSTITUTE($J173,":",REPT(" ",40)),80,40)) -> 启动 | H173: =TRIM(MID(SUBSTITUTE($J173,":",REPT(" ",40)),120,40)) -> Conveyor | I173: =TRIM(MID(SUBSTITUTE($J173,":",REPT(" ",40)),160,40)) -> Start | J173: G0112:刮板机:启动:Conveyor:Start | M173: ¶ | N173: - | O173: =D173 -> =RI1-DO04 | P173: =A173 -> 7 | Q173: =C173 -> Q206.6 | R173: =E173&M173&F173&G173&M173&H173&I173 -> G0112¶刮板机启动¶ConveyorStart
A174: 8 | B174: 56 | C174: Q206.7 | D174: =RI1-DO04 | E174: =TRIM(MID(SUBSTITUTE($J174,":",REPT(" ",40)),1,40)) -> G0113 | F174: =TRIM(MID(SUBSTITUTE($J174,":",REPT(" ",40)),40,40)) -> 刮板机 | G174: =TRIM(MID(SUBSTITUTE($J174,":",REPT(" ",40)),80,40)) -> 启动 | H174: =TRIM(MID(SUBSTITUTE($J174,":",REPT(" ",40)),120,40)) -> Conveyor | I174: =TRIM(MID(SUBSTITUTE($J174,":",REPT(" ",40)),160,40)) -> Start | J174: G0113:刮板机:启动:Conveyor:Start | M174: ¶ | N174: - | O174: =D174 -> =RI1-DO04 | P174: =A174 -> 8 | Q174: =C174 -> Q206.7 | R174: =E174&M174&F174&G174&M174&H174&I174 -> G0113¶刮板机启动¶ConveyorStart
A175: 9 | B175: 57 | C175: Q207.0 | D175: =RI1-DO04 | E175: R0103 | F175: 风机 | G175: 启动 | H175: 新增20231123 | I175: =TRIM(MID(SUBSTITUTE($J175,":",REPT(" ",40)),160,40)) | J175: 备用 Spare | M175: ¶ | N175: - | O175: =D175 -> =RI1-DO04 | P175: =A175 -> 9 | Q175: =C175 -> Q207.0 | R175: =E175&M175&F175&G175&M175&H175&I175 -> R0103¶风机启动¶新增20231123
A176: 10 | B176: 58 | C176: Q207.1 | D176: =RI1-DO04 | E176: R0101_1 | F176: 风机 | G176: 启动 | H176: 新增20231123 | I176: =TRIM(MID(SUBSTITUTE($J176,":",REPT(" ",40)),160,40)) | J176: 备用 Spare | M176: ¶ | N176: - | O176: =D176 -> =RI1-DO04 | P176: =A176 -> 10 | Q176: =C176 -> Q207.1 | R176: =E176&M176&F176&G176&M176&H176&I176 -> R0101_1¶风机启动¶新增20231123
A177: 11 | B177: 59 | C177: Q207.2 | E177: G0104_3 | F177: 粉碎机换筛网阀1 | G177: 开门 | H177: 新增20231123 | I177: =TRIM(MID(SUBSTITUTE($J177,":",REPT(" ",40)),160,40)) | J177: 备用 Spare | M177: ¶ | N177: - | O177: =D177 -> 0 | P177: =A177 -> 11 | Q177: =C177 -> Q207.2 | R177: =E177&M177&F177&G177&M177&H177&I177 -> G0104_3¶粉碎机换筛网阀1开门¶新增20231123
A178: 12 | B178: 60 | C178: Q207.3 | E178: G0104_3 | F178: 粉碎机换筛网阀2 | G178: 开门 | H178: 新增20231123 | I178: =TRIM(MID(SUBSTITUTE($J178,":",REPT(" ",40)),160,40)) | J178: 备用 Spare | M178: ¶ | N178: - | O178: =D178 -> 0 | P178: =A178 -> 12 | Q178: =C178 -> Q207.3 | R178: =E178&M178&F178&G178&M178&H178&I178 -> G0104_3¶粉碎机换筛网阀2开门¶新增20231123
A179: 13 | B179: 61 | C179: Q207.4 | E179: Handadd1 | F179: 小料气锁1 | G179: 开门 | H179: 新增20231223 | I179: =TRIM(MID(SUBSTITUTE($J179,":",REPT(" ",40)),160,40)) | J179: 备用 Spare | M179: ¶ | N179: - | O179: =D179 -> 0 | P179: =A179 -> 13 | Q179: =C179 -> Q207.4 | R179: ='MCC7-8'!E121&M179&'MCC7-8'!F121&'MCC7-8'!G121&M179&'MCC7-8'!H121&I179 -> ¶小料小料气锤1启动¶
A180: 14 | B180: 62 | C180: Q207.5 | E180: Handadd2 | F180: 小料气锁1 | G180: 开门 | H180: 新增20231223 | I180: =TRIM(MID(SUBSTITUTE($J180,":",REPT(" ",40)),160,40)) | J180: 备用 Spare | M180: ¶ | N180: - | O180: =D180 -> 0 | P180: =A180 -> 14 | Q180: =C180 -> Q207.5 | R180: ='MCC7-8'!E122&M180&'MCC7-8'!F122&'MCC7-8'!G122&M180&'MCC7-8'!H122&I180 -> ¶小料小料气锤2启动¶
A181: 15 | B181: 63 | C181: Q207.6 | E181: R0101_1 | F181: 风机脉冲 | G181: 启动 | H181: 新增20231123 | I181: =TRIM(MID(SUBSTITUTE($J181,":",REPT(" ",40)),160,40)) | J181: 备用 Spare | M181: ¶ | N181: - | O181: =D181 -> 0 | P181: =A181 -> 15 | Q181: =C181 -> Q207.6 | R181: =E181&M181&F181&G181&M181&H181&I181 -> R0101_1¶风机脉冲启动¶新增20231123
A182: 16 | B182: 64 | C182: Q207.7 | D182: 1 | F182: =TRIM(MID(SUBSTITUTE($J182,":",REPT(" ",40)),40,40)) | G182: =TRIM(MID(SUBSTITUTE($J182,":",REPT(" ",40)),80,40)) | H182: =TRIM(MID(SUBSTITUTE($J182,":",REPT(" ",40)),120,40)) | I182: =TRIM(MID(SUBSTITUTE($J182,":",REPT(" ",40)),160,40)) | J182: 备用 Spare | M182: ¶ | N182: - | O182: =D182 -> 1 | P182: =A182 -> 16 | Q182: =C182 -> Q207.7 | R182: =E182&M182&F182&G182&M182&H182&I182 -> ¶¶
A183: 1 | B183: 65 | E183: =TRIM(MID(SUBSTITUTE($J183,":",REPT(" ",40)),1,40)) | F183: =TRIM(MID(SUBSTITUTE($J183,":",REPT(" ",40)),40,40)) | G183: =TRIM(MID(SUBSTITUTE($J183,":",REPT(" ",40)),80,40)) | H183: =TRIM(MID(SUBSTITUTE($J183,":",REPT(" ",40)),120,40)) | I183: =TRIM(MID(SUBSTITUTE($J183,":",REPT(" ",40)),160,40)) | M183: ¶ | N183: - | O183: =D183 -> 0 | P183: =A183 -> 1 | Q183: =C183 -> 0 | R183: =E183&M183&F183&G183&M183&H183&I183 -> ¶¶
A184: 2 | B184: 66 | E184: =TRIM(MID(SUBSTITUTE($J184,":",REPT(" ",40)),1,40)) | F184: =TRIM(MID(SUBSTITUTE($J184,":",REPT(" ",40)),40,40)) | G184: =TRIM(MID(SUBSTITUTE($J184,":",REPT(" ",40)),80,40)) | H184: =TRIM(MID(SUBSTITUTE($J184,":",REPT(" ",40)),120,40)) | I184: =TRIM(MID(SUBSTITUTE($J184,":",REPT(" ",40)),160,40)) | M184: ¶ | N184: - | O184: =D184 -> 0 | P184: =A184 -> 2 | Q184: =C184 -> 0 | R184: =E184&M184&F184&G184&M184&H184&I184 -> ¶¶
...

Sheet MCC3-4
B1: 序号 | C1: 地址 | D1: 符号表 | E1: 设备编号 | F1: 设备名称 | G1: 信号名称 | H1: 备注
B2: 1 | C2: PIW224 | D2: 2AI1 | E2: 2G0102_2 | F2: 超微粉碎机 | G2: 电流检测 | H2: 4-20MA
B3: 2 | C3: PIW226 | D3: 2AI1 | E3: 2G0110 | F3: 风机 | G3: 电流检测 | H3: 4-20MA
B4: 3 | C4: PIW228 | D4: 2AI1 | E4: 2G0113 | F4: 提升机 | G4: 电流检测 | H4: 4-20MA
B5: 4 | C5: PIW230 | D5: 2AI1 | E5: 2G0202_2 | F5: 超微粉碎机 | G5: 电流检测 | H5: 4-20MA
B6: 1 | C6: PIW232 | D6: 2AI2 | E6: 2G0210 | F6: 风机 | G6: 电流检测 | H6: 4-20MA
B7: 2 | C7: PIW234 | D7: 2AI2 | E7: 2G0213 | F7: 提升机 | G7: 电流检测 | H7: 4-20MA
B8: 3 | C8: PIW236 | D8: 2AI2 | F8: 备用 | H8: 4-20MA
B9: 4 | C9: PIW238 | D9: 2AI2 | F9: 备用 | H9: 4-20MA
B10: 1 | C10: PIW240 | F10: 备用 | H10: 4-20MA
B11: 2 | C11: PIW242 | D11: 2AI3 | E11: 2G0102_2T2 | F11: 超微粉碎机 | G11: 温度2 | H11: 4-20MA
B12: 3 | C12: PIW244 | D12: 2AI3 | E12: 2G0202_2T1 | F12: 超微粉碎机 | G12: 温度1 | H12: 4-20MA
B13: 4 | C13: PIW246 | D13: 2AI3 | E13: 2G0202_2T2 | F13: 超微粉碎机 | G13: 温度2 | H13: 4-20MA
B16: 输入
B17: 序号 | C17: 地址 | D17: 符号表 | E17: 设备编号 | F17: 设备名称 | G17: 信号名称 | H17: 设备名称（英文） | I17: 信号名称（英文） | J17: 标签 | K17: 备注 | L17: 柜号
A18: 1 | B18: 1 | C18: I212.0 | D18: =RI2-DI01 | E18: =TRIM(MID(SUBSTITUTE($J18,":",REPT(" ",40)),1,40)) -> 2G0101 | F18: =TRIM(MID(SUBSTITUTE($J18,":",REPT(" ",40)),40,40)) -> 喂料器 | G18: =TRIM(MID(SUBSTITUTE($J18,":",REPT(" ",40)),80,40)) -> 运行 | H18: =TRIM(MID(SUBSTITUTE($J18,":",REPT(" ",40)),120,40)) -> Feeder | I18: =TRIM(MID(SUBSTITUTE($J18,":",REPT(" ",40)),160,40)) -> Running | J18: 2G0101:喂料器:运行:Feeder:Running | M18: ¶ | N18: - | O18: =D18 -> =RI2-DI01 | P18: =A18 -> 1 | Q18: =C18 -> I212.0 | R18: =E18&M18&F18&G18&M18&H18&I18 -> 2G0101¶喂料器运行¶FeederRunning
A19: 2 | B19: 2 | C19: I212.1 | D19: =RI2-DI01 | E19: =TRIM(MID(SUBSTITUTE($J19,":",REPT(" ",40)),1,40)) -> 2G0102_1 | F19: =TRIM(MID(SUBSTITUTE($J19,":",REPT(" ",40)),40,40)) -> 分级轮 | G19: =TRIM(MID(SUBSTITUTE($J19,":",REPT(" ",40)),80,40)) -> 运行 | H19: =TRIM(MID(SUBSTITUTE($J19,":",REPT(" ",40)),120,40)) -> Grading motor | I19: =TRIM(MID(SUBSTITUTE($J19,":",REPT(" ",40)),160,40)) -> Running | J19: 2G0102_1:分级轮:运行:Grading motor:Running | M19: ¶ | N19: - | O19: =D19 -> =RI2-DI01 | P19: =A19 -> 2 | Q19: =C19 -> I212.1 | R19: =E19&M19&F19&G19&M19&H19&I19 -> 2G0102_1¶分级轮运行¶Grading motorRunning
A20: 3 | B20: 3 | C20: I212.2 | D20: =RI2-DI01 | E20: =TRIM(MID(SUBSTITUTE($J20,":",REPT(" ",40)),1,40)) -> 2G0102_2 | F20: =TRIM(MID(SUBSTITUTE($J20,":",REPT(" ",40)),40,40)) -> 超微粉碎机 | G20: =TRIM(MID(SUBSTITUTE($J20,":",REPT(" ",40)),80,40)) -> 合闸 | H20: =TRIM(MID(SUBSTITUTE($J20,":",REPT(" ",40)),120,40)) -> Pulverizer | I20: =TRIM(MID(SUBSTITUTE($J20,":",REPT(" ",40)),160,40)) -> Breaker ON | J20: 2G0102_2:超微粉碎机:合闸:Pulverizer:Breaker ON | M20: ¶ | N20: - | O20: =D20 -> =RI2-DI01 | P20: =A20 -> 3 | Q20: =C20 -> I212.2 | R20: =E20&M20&F20&G20&M20&H20&I20 -> 2G0102_2¶超微粉碎机合闸¶PulverizerBreaker ON
A21: 4 | B21: 4 | C21: I212.3 | D21: =RI2-DI01 | E21: =TRIM(MID(SUBSTITUTE($J21,":",REPT(" ",40)),1,40)) -> 2G0102_2 | F21: =TRIM(MID(SUBSTITUTE($J21,":",REPT(" ",40)),40,40)) -> 超微粉碎机 | G21: =TRIM(MID(SUBSTITUTE($J21,":",REPT(" ",40)),80,40)) -> 运行 | H21: =TRIM(MID(SUBSTITUTE($J21,":",REPT(" ",40)),120,40)) -> Pulverizer | I21: =TRIM(MID(SUBSTITUTE($J21,":",REPT(" ",40)),160,40)) -> Running | J21: 2G0102_2:超微粉碎机:运行:Pulverizer:Running | M21: ¶ | N21: - | O21: =D21 -> =RI2-DI01 | P21: =A21 -> 4 | Q21: =C21 -> I212.3 | R21: =E21&M21&F21&G21&M21&H21&I21 -> 2G0102_2¶超微粉碎机运行¶PulverizerRunning
A22: 5 | B22: 5 | C22: I212.4 | D22: =RI2-DI01 | E22: =TRIM(MID(SUBSTITUTE($J22,":",REPT(" ",40)),1,40)) -> 2G0102_2 | F22: =TRIM(MID(SUBSTITUTE($J22,":",REPT(" ",40)),40,40)) -> 超微粉碎机 | G22: =TRIM(MID(SUBSTITUTE($J22,":",REPT(" ",40)),80,40)) -> 急停 | H22: =TRIM(MID(SUBSTITUTE($J22,":",REPT(" ",40)),120,40)) -> Pulverizer | I22: =TRIM(MID(SUBSTITUTE($J22,":",REPT(" ",40)),160,40)) -> Estop | J22: 2G0102_2:超微粉碎机:急停:Pulverizer:Estop | M22: ¶ | N22: - | O22: =D22 -> =RI2-DI01 | P22: =A22 -> 5 | Q22: =C22 -> I212.4 | R22: =E22&M22&F22&G22&M22&H22&I22 -> 2G0102_2¶超微粉碎机急停¶PulverizerEstop
A23: 6 | B23: 6 | C23: I212.5 | D23: =RI2-DI01 | E23: =TRIM(MID(SUBSTITUTE($J23,":",REPT(" ",40)),1,40)) -> 2G0102_2 | F23: =TRIM(MID(SUBSTITUTE($J23,":",REPT(" ",40)),40,40)) -> 超微粉碎机 | G23: =TRIM(MID(SUBSTITUTE($J23,":",REPT(" ",40)),80,40)) -> 软起故障 | H23: =TRIM(MID(SUBSTITUTE($J23,":",REPT(" ",40)),120,40)) -> Pulverizer | I23: =TRIM(MID(SUBSTITUTE($J23,":",REPT(" ",40)),160,40)) -> Softer Alar | J23: 2G0102_2:超微粉碎机:软起故障:Pulverizer :Softer Alarm | M23: ¶ | N23: - | O23: =D23 -> =RI2-DI01 | P23: =A23 -> 6 | Q23: =C23 -> I212.5 | R23: =E23&M23&F23&G23&M23&H23&I23 -> 2G0102_2¶超微粉碎机软起故障¶PulverizerSofter Alar
A24: 7 | B24: 7 | C24: I212.6 | D24: =RI2-DI01 | E24: =TRIM(MID(SUBSTITUTE($J24,":",REPT(" ",40)),1,40)) -> 2G0102_2 | F24: =TRIM(MID(SUBSTITUTE($J24,":",REPT(" ",40)),40,40)) -> 超微粉碎机 | G24: =TRIM(MID(SUBSTITUTE($J24,":",REPT(" ",40)),80,40)) -> 门保 | H24: =TRIM(MID(SUBSTITUTE($J24,":",REPT(" ",40)),120,40)) -> Pulverizer | I24: =TRIM(MID(SUBSTITUTE($J24,":",REPT(" ",40)),160,40)) -> Door Protect | J24: 2G0102_2:超微粉碎机:门保:Pulverizer:Door Protect | M24: ¶ | N24: - | O24: =D24 -> =RI2-DI01 | P24: =A24 -> 7 | Q24: =C24 -> I212.6 | R24: =E24&M24&F24&G24&M24&H24&I24 -> 2G0102_2¶超微粉碎机门保¶PulverizerDoor Protect
A25: 8 | B25: 8 | C25: I212.7 | D25: =RI2-DI01 | E25: =TRIM(MID(SUBSTITUTE($J25,":",REPT(" ",40)),1,40)) -> 2G0102_3 | F25: =TRIM(MID(SUBSTITUTE($J25,":",REPT(" ",40)),40,40)) -> 液压 | G25: =TRIM(MID(SUBSTITUTE($J25,":",REPT(" ",40)),80,40)) -> 运行 | H25: =TRIM(MID(SUBSTITUTE($J25,":",REPT(" ",40)),120,40)) -> Oil pump | I25: =TRIM(MID(SUBSTITUTE($J25,":",REPT(" ",40)),160,40)) -> Running | J25: 2G0102_3:液压:运行:Oil pump:Running | M25: ¶ | N25: - | O25: =D25 -> =RI2-DI01 | P25: =A25 -> 8 | Q25: =C25 -> I212.7 | R25: =E25&M25&F25&G25&M25&H25&I25 -> 2G0102_3¶液压运行¶Oil pumpRunning
A26: 9 | B26: 9 | C26: I213.0 | D26: =RI2-DI01 | E26: =TRIM(MID(SUBSTITUTE($J26,":",REPT(" ",40)),1,40)) -> 2G0106 | F26: =TRIM(MID(SUBSTITUTE($J26,":",REPT(" ",40)),40,40)) -> 关风器 | G26: =TRIM(MID(SUBSTITUTE($J26,":",REPT(" ",40)),80,40)) -> 运行 | H26: =TRIM(MID(SUBSTITUTE($J26,":",REPT(" ",40)),120,40)) -> Airlock | I26: =TRIM(MID(SUBSTITUTE($J26,":",REPT(" ",40)),160,40)) -> Running | J26: 2G0106:关风器:运行:Airlock:Running | M26: ¶ | N26: - | O26: =D26 -> =RI2-DI01 | P26: =A26 -> 9 | Q26: =C26 -> I213.0 | R26: =E26&M26&F26&G26&M26&H26&I26 -> 2G0106¶关风器运行¶AirlockRunning
A27: 10 | B27: 10 | C27: I213.1 | D27: =RI2-DI01 | E27: =TRIM(MID(SUBSTITUTE($J27,":",REPT(" ",40)),1,40)) -> 2G0107_1 | F27: =TRIM(MID(SUBSTITUTE($J27,":",REPT(" ",40)),40,40)) -> 关风器 | G27: =TRIM(MID(SUBSTITUTE($J27,":",REPT(" ",40)),80,40)) -> 运行 | H27: =TRIM(MID(SUBSTITUTE($J27,":",REPT(" ",40)),120,40)) -> Airlock | I27: =TRIM(MID(SUBSTITUTE($J27,":",REPT(" ",40)),160,40)) -> Running | J27: 2G0107_1:关风器:运行:Airlock:Running | M27: ¶ | N27: - | O27: =D27 -> =RI2-DI01 | P27: =A27 -> 10 | Q27: =C27 -> I213.1 | R27: =E27&M27&F27&G27&M27&H27&I27 -> 2G0107_1¶关风器运行¶AirlockRunning
A28: 11 | B28: 11 | C28: I213.2 | D28: =RI2-DI01 | E28: =TRIM(MID(SUBSTITUTE($J28,":",REPT(" ",40)),1,40)) -> 2G0107_2 | F28: =TRIM(MID(SUBSTITUTE($J28,":",REPT(" ",40)),40,40)) -> 扫灰电机 | G28: =TRIM(MID(SUBSTITUTE($J28,":",REPT(" ",40)),80,40)) -> 运行 | H28: =TRIM(MID(SUBSTITUTE($J28,":",REPT(" ",40)),120,40)) -> Cleaning motor | I28: =TRIM(MID(SUBSTITUTE($J28,":",REPT(" ",40)),160,40)) -> Running | J28: 2G0107_2:扫灰电机:运行:Cleaning motor:Running | M28: ¶ | N28: - | O28: =D28 -> =RI2-DI01 | P28: =A28 -> 11 | Q28: =C28 -> I213.2 | R28: =E28&M28&F28&G28&M28&H28&I28 -> 2G0107_2¶扫灰电机运行¶Cleaning motorRunning
A29: 12 | B29: 12 | C29: I213.3 | D29: =RI2-DI01 | E29: =TRIM(MID(SUBSTITUTE($J29,":",REPT(" ",40)),1,40)) -> 2G0110 | F29: =TRIM(MID(SUBSTITUTE($J29,":",REPT(" ",40)),40,40)) -> 风机 | G29: =TRIM(MID(SUBSTITUTE($J29,":",REPT(" ",40)),80,40)) -> 运行 | H29: =TRIM(MID(SUBSTITUTE($J29,":",REPT(" ",40)),120,40)) -> Fan | I29: =TRIM(MID(SUBSTITUTE($J29,":",REPT(" ",40)),160,40)) -> Running | J29: 2G0110:风机:运行:Fan:Running | M29: ¶ | N29: - | O29: =D29 -> =RI2-DI01 | P29: =A29 -> 12 | Q29: =C29 -> I213.3 | R29: =E29&M29&F29&G29&M29&H29&I29 -> 2G0110¶风机运行¶FanRunning
... A63: 14 | B63: 46 | C63: I217.5 | D63: =RI2-DI03 | E63: =TRIM(MID(SUBSTITUTE($J63,":",REPT(" ",40)),1,40)) -> 2G0217 | F63: =TRIM(MID(SUBSTITUTE($J63,":",REPT(" ",40)),40,40)) -> 高方筛(功率待定) | G63: =TRIM(MID(SUBSTITUTE($J63,":",REPT(" ",40)),80,40)) -> 急停 | H63: =TRIM(MID(SUBSTITUTE($J63,":",REPT(" ",40)),120,40)) -> Plansifter | I63: =TRIM(MID(SUBSTITUTE($J63,":",REPT(" ",40)),160,40)) -> Estop | J63: 2G0217:高方筛(功率待定):急停:Plansifter:Estop | M63: ¶ | N63: - | O63: =D63 -> =RI2-DI03 | P63: =A63 -> 14 | Q63: =C63 -> I217.5 | R63: =E63&M63&F63&G63&M63&H63&I63 -> 2G0217¶高方筛(功率待定)急停¶PlansifterEstop
A64: 15 | B64: 47 | C64: I217.6 | D64: =RI2-DI03 | E64: 2G0101 | F64: 喂料器 | G64: 门保 | H64: =TRIM(MID(SUBSTITUTE($J64,":",REPT(" ",40)),120,40)) | I64: =TRIM(MID(SUBSTITUTE($J64,":",REPT(" ",40)),160,40)) | J64: 备用 Spare | M64: ¶ | N64: - | O64: =D64 -> =RI2-DI03 | P64: =A64 -> 15 | Q64: =C64 -> I217.6 | R64: =E64&M64&F64&G64&M64&H64&I64 -> 2G0101¶喂料器门保¶
A65: 16 | B65: 48 | C65: I217.7 | D65: =RI2-DI03 | E65: 2G0201 | F65: 喂料器 | G65: 门保 | H65: =TRIM(MID(SUBSTITUTE($J65,":",REPT(" ",40)),120,40)) | I65: =TRIM(MID(SUBSTITUTE($J65,":",REPT(" ",40)),160,40)) | J65: 备用 Spare | M65: ¶ | N65: - | O65: =D65 -> =RI2-DI03 | P65: =A65 -> 16 | Q65: =C65 -> I217.7 | R65: =E65&M65&F65&G65&M65&H65&I65 -> 2G0201¶喂料器门保¶
A66: 1 | B66: 48 | C66: I218.0
A67: 2 | B67: 48 | C67: I218.1
A68: 3 | B68: 48 | C68: I218.2
A69: 4 | B69: 48 | C69: I218.3
A70: 5 | B70: 48 | C70: I218.4
A71: 6 | B71: 48 | C71: I218.5
A72: 7 | B72: 48 | C72: I218.6
A73: 8 | B73: 48 | C73: I218.7
A74: 9 | B74: 48 | C74: I219.0
A75: 10 | B75: 48 | C75: I219.1
A76: 11 | B76: 48 | C76: I219.2
A77: 12 | B77: 48 | C77: I219.3
... A81: 16 | B81: 48 | C81: I219.7
B84: 序号 | C84: 地址 | D84: 符号表 | E84: 编号 | F84: 设备名称 | G84: 信号名称 | H84: 设备名称（英文） | I84: 信号名称（英文） | J84: 设备名称 | K84: 备注 | L84: 柜号
A85: 1 | B85: 1 | C85: Q210.0 | D85: =RI2-DO01 | E85: =TRIM(MID(SUBSTITUTE($J85,":",REPT(" ",40)),1,40)) -> 2G0102_2 | F85: =TRIM(MID(SUBSTITUTE($J85,":",REPT(" ",40)),40,40)) -> 超微粉碎机 | G85: =TRIM(MID(SUBSTITUTE($J85,":",REPT(" ",40)),80,40)) -> 启动 | H85: =TRIM(MID(SUBSTITUTE($J85,":",REPT(" ",40)),120,40)) -> Pulverizer | I85: =TRIM(MID(SUBSTITUTE($J85,":",REPT(" ",40)),160,40)) -> Start | J85: 2G0102_2:超微粉碎机:启动:Pulverizer:Start | M85: ¶ | N85: - | O85: =D85 -> =RI2-DO01 | P85: =A85 -> 1 | Q85: =C85 -> Q210.0 | R85: =E85&M85&F85&G85&M85&H85&I85 -> 2G0102_2¶超微粉碎机启动¶PulverizerStart
A86: 2 | B86: 2 | C86: Q210.1 | D86: =RI2-DO01 | E86: =TRIM(MID(SUBSTITUTE($J86,":",REPT(" ",40)),1,40)) -> 2G0102_2 | F86: =TRIM(MID(SUBSTITUTE($J86,":",REPT(" ",40)),40,40)) -> 超微粉碎机门锁阀 | G86: =TRIM(MID(SUBSTITUTE($J86,":",REPT(" ",40)),80,40)) -> 启动 | H86: =TRIM(MID(SUBSTITUTE($J86,":",REPT(" ",40)),120,40)) -> Pulverizer Gate valve | I86: =TRIM(MID(SUBSTITUTE($J86,":",REPT(" ",40)),160,40)) | J86: 2G0102_2:超微粉碎机门锁阀:启动:Pulverizer Gate valve :Start | M86: ¶ | N86: - | O86: =D86 -> =RI2-DO01 | P86: =A86 -> 2 | Q86: =C86 -> Q210.1 | R86: =E86&M86&F86&G86&M86&H86&I86 -> 2G0102_2¶超微粉碎机门锁阀启动¶Pulverizer Gate valve
A87: 3 | B87: 3 | C87: Q210.2 | D87: =RI2-DO01 | E87: =TRIM(MID(SUBSTITUTE($J87,":",REPT(" ",40)),1,40)) -> 2G0106 | F87: =TRIM(MID(SUBSTITUTE($J87,":",REPT(" ",40)),40,40)) -> 关风器 | G87: =TRIM(MID(SUBSTITUTE($J87,":",REPT(" ",40)),80,40)) -> 启动 | H87: =TRIM(MID(SUBSTITUTE($J87,":",REPT(" ",40)),120,40)) -> Airlock | I87: =TRIM(MID(SUBSTITUTE($J87,":",REPT(" ",40)),160,40)) -> Start | J87: 2G0106:关风器:启动:Airlock:Start | M87: ¶ | N87: - | O87: =D87 -> =RI2-DO01 | P87: =A87 -> 3 | Q87: =C87 -> Q210.2 | R87: =E87&M87&F87&G87&M87&H87&I87 -> 2G0106¶关风器启动¶AirlockStart
A88: 4 | B88: 4 | C88: Q210.3 | D88: =RI2-DO01 | E88: =TRIM(MID(SUBSTITUTE($J88,":",REPT(" ",40)),1,40)) -> 2G0107_1 | F88: =TRIM(MID(SUBSTITUTE($J88,":",REPT(" ",40)),40,40)) -> 关风器 | G88: =TRIM(MID(SUBSTITUTE($J88,":",REPT(" ",40)),80,40)) -> 启动 | H88: =TRIM(MID(SUBSTITUTE($J88,":",REPT(" ",40)),120,40)) -> Airlock | I88: =TRIM(MID(SUBSTITUTE($J88,":",REPT(" ",40)),160,40)) -> Start | J88: 2G0107_1:关风器:启动:Airlock:Start | M88: ¶ | N88: - | O88: =D88 -> =RI2-DO01 | P88: =A88 -> 4 | Q88: =C88 -> Q210.3 | R88: =E88&M88&F88&G88&M88&H88&I88 -> 2G0107_1¶关风器启动¶AirlockStart
A89: 5 | B89: 5 | C89: Q210.4 | D89: =RI2-DO01 | E89: =TRIM(MID(SUBSTITUTE($J89,":",REPT(" ",40)),1,40)) -> 2G0107_2 | F89: =TRIM(MID(SUBSTITUTE($J89,":",REPT(" ",40)),40,40)) -> 扫灰电机 | G89: =TRIM(MID(SUBSTITUTE($J89,":",REPT(" ",40)),80,40)) -> 启动 | H89: =TRIM(MID(SUBSTITUTE($J89,":",REPT(" ",40)),120,40)) -> Cleaning motor | I89: =TRIM(MID(SUBSTITUTE($J89,":",REPT(" ",40)),160,40)) -> Start | J89: 2G0107_2:扫灰电机:启动:Cleaning motor:Start | M89: ¶ | N89: - | O89: =D89 -> =RI2-DO01 | P89: =A89 -> 5 | Q89: =C89 -> Q210.4 | R89: =E89&M89&F89&G89&M89&H89&I89 -> 2G0107_2¶扫灰电机启动¶Cleaning motorStart
A90: 6 | B90: 6 | C90: Q210.5 | D90: =RI2-DO01 | E90: =TRIM(MID(SUBSTITUTE($J90,":",REPT(" ",40)),1,40)) -> 2G0110 | F90: =TRIM(MID(SUBSTITUTE($J90,":",REPT(" ",40)),40,40)) -> 风机 | G90: =TRIM(MID(SUBSTITUTE($J90,":",REPT(" ",40)),80,40)) -> 启动 | H90: =TRIM(MID(SUBSTITUTE($J90,":",REPT(" ",40)),120,40)) -> Fan | I90: =TRIM(MID(SUBSTITUTE($J90,":",REPT(" ",40)),160,40)) -> Start | J90: 2G0110:风机:启动:Fan:Start | M90: ¶ | N90: - | O90: =D90 -> =RI2-DO01 | P90: =A90 -> 6 | Q90: =C90 -> Q210.5 | R90: =E90&M90&F90&G90&M90&H90&I90 -> 2G0110¶风机启动¶FanStart
A91: 7 | B91: 7 | C91: Q210.6 | D91: =RI2-DO01 | E91: =TRIM(MID(SUBSTITUTE($J91,":",REPT(" ",40)),1,40)) -> 2G0112 | F91: =TRIM(MID(SUBSTITUTE($J91,":",REPT(" ",40)),40,40)) -> 绞龙 | G91: =TRIM(MID(SUBSTITUTE($J91,":",REPT(" ",40)),80,40)) -> 启动 | H91: =TRIM(MID(SUBSTITUTE($J91,":",REPT(" ",40)),120,40)) -> Conveyor | I91: =TRIM(MID(SUBSTITUTE($J91,":",REPT(" ",40)),160,40)) -> Start | J91: 2G0112:绞龙:启动:Conveyor:Start | M91: ¶ | N91: - | O91: =D91 -> =RI2-DO01 | P91: =A91 -> 7 | Q91: =C91 -> Q210.6 | R91: =E91&M91&F91&G91&M91&H91&I91 -> 2G0112¶绞龙启动¶ConveyorStart
A92: 8 | B92: 8 | C92: Q210.7 | D92: =RI2-DO01 | E92: =TRIM(MID(SUBSTITUTE($J92,":",REPT(" ",40)),1,40)) -> 2G0113 | F92: =TRIM(MID(SUBSTITUTE($J92,":",REPT(" ",40)),40,40)) -> 提升机 | G92: =TRIM(MID(SUBSTITUTE($J92,":",REPT(" ",40)),80,40)) -> 启动 | H92: =TRIM(MID(SUBSTITUTE($J92,":",REPT(" ",40)),120,40)) -> Elevator | I92: =TRIM(MID(SUBSTITUTE($J92,":",REPT(" ",40)),160,40)) -> Start | J92: 2G0113:提升机:启动:Elevator:Start | M92: ¶ | N92: - | O92: =D92 -> =RI2-DO01 | P92: =A92 -> 8 | Q92: =C92 -> Q210.7 | R92: =E92&M92&F92&G92&M92&H92&I92 -> 2G0113¶提升机启动¶ElevatorStart
A93: 9 | B93: 9 | C93: Q211.0 | D93: =RI2-DO01 | E93: =TRIM(MID(SUBSTITUTE($J93,":",REPT(" ",40)),1,40)) -> 2G0114 | F93: =TRIM(MID(SUBSTITUTE($J93,":",REPT(" ",40)),40,40)) -> 绞龙 | G93: =TRIM(MID(SUBSTITUTE($J93,":",REPT(" ",40)),80,40)) -> 启动 | H93: =TRIM(MID(SUBSTITUTE($J93,":",REPT(" ",40)),120,40)) -> Conveyor | I93: =TRIM(MID(SUBSTITUTE($J93,":",REPT(" ",40)),160,40)) -> Start | J93: 2G0114:绞龙:启动:Conveyor:Start | M93: ¶ | N93: - | O93: =D93 -> =RI2-DO01 | P93: =A93 -> 9 | Q93: =C93 -> Q211.0 | R93: =E93&M93&F93&G93&M93&H93&I93 -> 2G0114¶绞龙启动¶ConveyorStart
A94: 10 | B94: 10 | C94: Q211.1 | D94: =RI2-DO01 | E94: =TRIM(MID(SUBSTITUTE($J94,":",REPT(" ",40)),1,40)) -> 2G0115 | F94: =TRIM(MID(SUBSTITUTE($J94,":",REPT(" ",40)),40,40)) -> 高方筛(功率待定) | G94: =TRIM(MID(SUBSTITUTE($J94,":",REPT(" ",40)),80,40)) -> 启动 | H94: =TRIM(MID(SUBSTITUTE($J94,":",REPT(" ",40)),120,40)) -> Plansifter | I94: =TRIM(MID(SUBSTITUTE($J94,":",REPT(" ",40)),160,40)) -> Start | J94: 2G0115:高方筛(功率待定):启动:Plansifter:Start | M94: ¶ | N94: - | O94: =D94 -> =RI2-DO01 | P94: =A94 -> 10 | Q94: =C94 -> Q211.1 | R94: =E94&M94&F94&G94&M94&H94&I94 -> 2G0115¶高方筛(功率待定)启动¶PlansifterStart
A95: 11 | B95: 11 | C95: Q211.2 | D95: =RI2-DO01 | E95: =TRIM(MID(SUBSTITUTE($J95,":",REPT(" ",40)),1,40)) -> 2G0117 | F95: =TRIM(MID(SUBSTITUTE($J95,":",REPT(" ",40)),40,40)) -> 绞龙 | G95: =TRIM(MID(SUBSTITUTE($J95,":",REPT(" ",40)),80,40)) -> 启动 | H95: =TRIM(MID(SUBSTITUTE($J95,":",REPT(" ",40)),120,40)) -> Conveyor | I95: =TRIM(MID(SUBSTITUTE($J95,":",REPT(" ",40)),160,40)) -> Start | J95: 2G0117:绞龙:启动:Conveyor:Start | M95: ¶ | N95: - | O95: =D95 -> =RI2-DO01 | P95: =A95 -> 11 | Q95: =C95 -> Q211.2 | R95: =E95&M95&F95&G95&M95&H95&I95 -> 2G0117¶绞龙启动¶ConveyorStart
A96: 12 | B96: 12 | C96: Q211.3 | D96: =RI2-DO01 | E96: =TRIM(MID(SUBSTITUTE($J96,":",REPT(" ",40)),1,40)) -> 2G0202_2 | F96: =TRIM(MID(SUBSTITUTE($J96,":",REPT(" ",40)),40,40)) -> 超微粉碎机 | G96: =TRIM(MID(SUBSTITUTE($J96,":",REPT(" ",40)),80,40)) -> 启动 | H96: =TRIM(MID(SUBSTITUTE($J96,":",REPT(" ",40)),120,40)) -> Pulverizer | I96: =TRIM(MID(SUBSTITUTE($J96,":",REPT(" ",40)),160,40)) -> Start | J96: 2G0202_2:超微粉碎机:启动:Pulverizer:Start | M96: ¶ | N96: - | O96: =D96 -> =RI2-DO01 | P96: =A96 -> 12 | Q96: =C96 -> Q211.3 | R96: =E96&M96&F96&G96&M96&H96&I96 -> 2G0202_2¶超微粉碎机启动¶PulverizerStart
... A107: 7 | B107: 23 | C107: Q212.6 | D107: =RI2-DO02 | E107: =TRIM(MID(SUBSTITUTE($J107,":",REPT(" ",40)),1,40)) -> 2G0217 | F107: =TRIM(MID(SUBSTITUTE($J107,":",REPT(" ",40)),40,40)) -> 高方筛(功率待定) | G107: =TRIM(MID(SUBSTITUTE($J107,":",REPT(" ",40)),80,40)) -> 启动 | H107: =TRIM(MID(SUBSTITUTE($J107,":",REPT(" ",40)),120,40)) -> Plansifter | I107: =TRIM(MID(SUBSTITUTE($J107,":",REPT(" ",40)),160,40)) -> Start | J107: 2G0217:高方筛(功率待定):启动:Plansifter:Start | M107: ¶ | N107: - | O107: =D107 -> =RI2-DO02 | P107: =A107 -> 7 | Q107: =C107 -> Q212.6 | R107: =E107&M107&F107&G107&M107&H107&I107 -> 2G0217¶高方筛(功率待定)启动¶PlansifterStart
A108: 8 | B108: 24 | C108: Q212.7 | D108: =RI2-DO02 | E108: D11 | F108: =TRIM(MID(SUBSTITUTE($J108,":",REPT(" ",40)),40,40)) | G108: =TRIM(MID(SUBSTITUTE($J108,":",REPT(" ",40)),80,40)) | H108: =TRIM(MID(SUBSTITUTE($J108,":",REPT(" ",40)),120,40)) | I108: =TRIM(MID(SUBSTITUTE($J108,":",REPT(" ",40)),160,40)) | J108: 备用 Spare | M108: ¶ | N108: - | O108: =D108 -> =RI2-DO02 | P108: =A108 -> 8 | Q108: =C108 -> Q212.7 | R108: =E108&M108&F108&G108&M108&H108&I108 -> D11¶¶
A109: 9 | B109: 25 | C109: Q213.0 | D109: =RI2-DO02 | F109: =TRIM(MID(SUBSTITUTE($J109,":",REPT(" ",40)),40,40)) | G109: =TRIM(MID(SUBSTITUTE($J109,":",REPT(" ",40)),80,40)) | H109: =TRIM(MID(SUBSTITUTE($J109,":",REPT(" ",40)),120,40)) | I109: =TRIM(MID(SUBSTITUTE($J109,":",REPT(" ",40)),160,40)) | J109: 备用 Spare | M109: ¶ | N109: - | O109: =D109 -> =RI2-DO02 | P109: =A109 -> 9 | Q109: =C109 -> Q213.0 | R109: =E109&M109&F109&G109&M109&H109&I109 -> ¶¶
A110: 10 | B110: 26 | C110: Q213.1 | D110: =RI2-DO02 | F110: =TRIM(MID(SUBSTITUTE($J110,":",REPT(" ",40)),40,40)) | G110: =TRIM(MID(SUBSTITUTE($J110,":",REPT(" ",40)),80,40)) | H110: =TRIM(MID(SUBSTITUTE($J110,":",REPT(" ",40)),120,40)) | I110: =TRIM(MID(SUBSTITUTE($J110,":",REPT(" ",40)),160,40)) | J110: 备用 Spare | M110: ¶ | N110: - | O110: =D110 -> =RI2-DO02 | P110: =A110 -> 10 | Q110: =C110 -> Q213.1 | R110: =E110&M110&F110&G110&M110&H110&I110 -> ¶¶
A111: 11 | B111: 27 | C111: Q213.2 | D111: =RI2-DO02 | F111: =TRIM(MID(SUBSTITUTE($J111,":",REPT(" ",40)),40,40)) | G111: =TRIM(MID(SUBSTITUTE($J111,":",REPT(" ",40)),80,40)) | H111: =TRIM(MID(SUBSTITUTE($J111,":",REPT(" ",40)),120,40)) | I111: =TRIM(MID(SUBSTITUTE($J111,":",REPT(" ",40)),160,40)) | J111: 备用 Spare | M111: ¶ | N111: - | O111: =D111 -> =RI2-DO02 | P111: =A111 -> 11 | Q111: =C111 -> Q213.2 | R111: =E111&M111&F111&G111&M111&H111&I111 -> ¶¶
A112: 12 | B112: 28 | C112: Q213.3 | D112: =RI2-DO02 | F112: =TRIM(MID(SUBSTITUTE($J112,":",REPT(" ",40)),40,40)) | G112: =TRIM(MID(SUBSTITUTE($J112,":",REPT(" ",40)),80,40)) | H112: =TRIM(MID(SUBSTITUTE($J112,":",REPT(" ",40)),120,40)) | I112: =TRIM(MID(SUBSTITUTE($J112,":",REPT(" ",40)),160,40)) | J112: 备用 Spare | M112: ¶ | N112: - | O112: =D112 -> =RI2-DO02 | P112: =A112 -> 12 | Q112: =C112 -> Q213.3 | R112: =E112&M112&F112&G112&M112&H112&I112 -> ¶¶
A113: 13 | B113: 29 | C113: Q213.4 | D113: =RI2-DO02 | F113: =TRIM(MID(SUBSTITUTE($J113,":",REPT(" ",40)),40,40)) | G113: =TRIM(MID(SUBSTITUTE($J113,":",REPT(" ",40)),80,40)) | H113: =TRIM(MID(SUBSTITUTE($J113,":",REPT(" ",40)),120,40)) | I113: =TRIM(MID(SUBSTITUTE($J113,":",REPT(" ",40)),160,40)) | J113: 备用 Spare | M113: ¶ | N113: - | O113: =D113 -> =RI2-DO02 | P113: =A113 -> 13 | Q113: =C113 -> Q213.4 | R113: =E113&M113&F113&G113&M113&H113&I113 -> ¶¶
A114: 14 | B114: 30 | C114: Q213.5 | D114: =RI2-DO02 | F114: =TRIM(MID(SUBSTITUTE($J114,":",REPT(" ",40)),40,40)) | G114: =TRIM(MID(SUBSTITUTE($J114,":",REPT(" ",40)),80,40)) | H114: =TRIM(MID(SUBSTITUTE($J114,":",REPT(" ",40)),120,40)) | I114: =TRIM(MID(SUBSTITUTE($J114,":",REPT(" ",40)),160,40)) | J114: 备用 Spare | M114: ¶ | N114: - | O114: =D114 -> =RI2-DO02 | P114: =A114 -> 14 | Q114: =C114 -> Q213.5 | R114: =E114&M114&F114&G114&M114&H114&I114 -> ¶¶
A115: 15 | B115: 31 | C115: Q213.6 | D115: =RI2-DO02 | F115: =TRIM(MID(SUBSTITUTE($J115,":",REPT(" ",40)),40,40)) | G115: =TRIM(MID(SUBSTITUTE($J115,":",REPT(" ",40)),80,40)) | H115: =TRIM(MID(SUBSTITUTE($J115,":",REPT(" ",40)),120,40)) | I115: =TRIM(MID(SUBSTITUTE($J115,":",REPT(" ",40)),160,40)) | J115: 备用 Spare | M115: ¶ | N115: - | O115: =D115 -> =RI2-DO02 | P115: =A115 -> 15 | Q115: =C115 -> Q213.6 | R115: =E115&M115&F115&G115&M115&H115&I115 -> ¶¶
A116: 16 | B116: 32 | C116: Q213.7 | D116: =RI2-DO02 | F116: =TRIM(MID(SUBSTITUTE($J116,":",REPT(" ",40)),40,40)) | G116: =TRIM(MID(SUBSTITUTE($J116,":",REPT(" ",40)),80,40)) | H116: =TRIM(MID(SUBSTITUTE($J116,":",REPT(" ",40)),120,40)) | I116: =TRIM(MID(SUBSTITUTE($J116,":",REPT(" ",40)),160,40)) | J116: 备用 Spare | M116: ¶ | N116: - | O116: =D116 -> =RI2-DO02 | P116: =A116 -> 16 | Q116: =C116 -> Q213.7 | R116: =E116&M116&F116&G116&M116&H116&I116 -> ¶¶

Sheet MCC5-6
B1: 序号 | C1: 地址 | D1: 符号表 | E1: 设备编号 | F1: 设备名称 | G1: 信号名称 | H1: 备注
B2: 1 | C2: PIW248 | D2: 3AI1 | E2: M0101 | F2: 混合机 | G2: 电流检测 | H2: 4-20MA
B3: 2 | C3: PIW250 | D3: 3AI1 | E3: M0108 | F3: 提升机 | G3: 电流检测 | H3: 4-20MA
B4: 3 | C4: PIW252 | D4: 3AI1 | F4: 备用 | H4: 4-20MA
B5: 4 | C5: PIW254 | D5: 3AI1 | F5: 备用 | H5: 4-20MA
B6: 1 | C6: PIW256
B7: 2 | C7: PIW258
B8: 3 | C8: PIW260
B9: 4 | C9: PIW262
B10: 1 | C10: PIW264
B11: 2 | C11: PIW266
B12: 3 | C12: PIW268
B13: 4 | C13: PIW270
B19: 输入
B20: 序号 | C20: 地址 | D20: 符号表 | E20: 设备编号 | F20: 设备名称 | G20: 信号名称 | H20: 设备名称（英文） | I20: 信号名称（英文） | J20: 标签 | K20: 备注 | L20: 柜号
A21: 1 | B21: 1 | C21: I220.0 | D21: =RI3-DI01 | E21: =TRIM(MID(SUBSTITUTE($J21,":",REPT(" ",40)),1,40)) -> B0110 | F21: =TRIM(MID(SUBSTITUTE($J21,":",REPT(" ",40)),40,40)) -> 风机 | G21: =TRIM(MID(SUBSTITUTE($J21,":",REPT(" ",40)),80,40)) -> 运行 | H21: =TRIM(MID(SUBSTITUTE($J21,":",REPT(" ",40)),120,40)) -> Fan | I21: =TRIM(MID(SUBSTITUTE($J21,":",REPT(" ",40)),160,40)) -> Running | J21: B0110:风机:运行:Fan:Running | M21: ¶ | N21: - | O21: =D21 -> =RI3-DI01 | P21: =A21 -> 1 | Q21: =C21 -> I220.0 | R21: =E21&M21&F21&G21&M21&H21&I21 -> B0110¶风机运行¶FanRunning
A22: 2 | B22: 2 | C22: I220.1 | D22: =RI3-DI01 | E22: =TRIM(MID(SUBSTITUTE($J22,":",REPT(" ",40)),1,40)) -> M0101 | F22: =TRIM(MID(SUBSTITUTE($J22,":",REPT(" ",40)),40,40)) -> 混合机 | G22: =TRIM(MID(SUBSTITUTE($J22,":",REPT(" ",40)),80,40)) -> 运行 | H22: =TRIM(MID(SUBSTITUTE($J22,":",REPT(" ",40)),120,40)) -> Mixer | I22: =TRIM(MID(SUBSTITUTE($J22,":",REPT(" ",40)),160,40)) -> Running | J22: M0101:混合机:运行:Mixer:Running | M22: ¶ | N22: - | O22: =D22 -> =RI3-DI01 | P22: =A22 -> 2 | Q22: =C22 -> I220.1 | R22: =E22&M22&F22&G22&M22&H22&I22 -> M0101¶混合机运行¶MixerRunning
A23: 3 | B23: 3 | C23: I220.2 | D23: =RI3-DI01 | E23: =TRIM(MID(SUBSTITUTE($J23,":",REPT(" ",40)),1,40)) -> M0101 | F23: =TRIM(MID(SUBSTITUTE($J23,":",REPT(" ",40)),40,40)) -> 混合机 | G23: =TRIM(MID(SUBSTITUTE($J23,":",REPT(" ",40)),80,40)) -> 负荷急停 | H23: =TRIM(MID(SUBSTITUTE($J23,":",REPT(" ",40)),120,40)) -> Mixer | I23: =TRIM(MID(SUBSTITUTE($J23,":",REPT(" ",40)),160,40)) -> Isolate/Estop | J23: M0101:混合机:负荷急停:Mixer:Isolate/Estop | M23: ¶ | N23: - | O23: =D23 -> =RI3-DI01 | P23: =A23 -> 3 | Q23: =C23 -> I220.2 | R23: =E23&M23&F23&G23&M23&H23&I23 -> M0101¶混合机负荷急停¶MixerIsolate/Estop
A24: 4 | B24: 4 | C24: I220.3 | D24: =RI3-DI01 | E24: =TRIM(MID(SUBSTITUTE($J24,":",REPT(" ",40)),1,40)) -> M0101V1 | F24: =TRIM(MID(SUBSTITUTE($J24,":",REPT(" ",40)),40,40)) -> 混合机门 | G24: =TRIM(MID(SUBSTITUTE($J24,":",REPT(" ",40)),80,40)) -> 开门到位 | H24: =TRIM(MID(SUBSTITUTE($J24,":",REPT(" ",40)),120,40)) -> Mixer Gate | I24: =TRIM(MID(SUBSTITUTE($J24,":",REPT(" ",40)),160,40)) -> Openning | J24: M0101V1:混合机门:开门到位:Mixer Gate:Openning | M24: ¶ | N24: - | O24: =D24 -> =RI3-DI01 | P24: =A24 -> 4 | Q24: =C24 -> I220.3 | R24: =E24&M24&F24&G24&M24&H24&I24 -> M0101V1¶混合机门开门到位¶Mixer GateOpenning
A25: 5 | B25: 5 | C25: I220.4 | D25: =RI3-DI01 | E25: =TRIM(MID(SUBSTITUTE($J25,":",REPT(" ",40)),1,40)) -> M0101V1 | F25: =TRIM(MID(SUBSTITUTE($J25,":",REPT(" ",40)),40,40)) -> 混合机门 | G25: =TRIM(MID(SUBSTITUTE($J25,":",REPT(" ",40)),80,40)) -> 关门到位 | H25: =TRIM(MID(SUBSTITUTE($J25,":",REPT(" ",40)),120,40)) -> Mixer Gate | I25: =TRIM(MID(SUBSTITUTE($J25,":",REPT(" ",40)),160,40)) -> Closing | J25: M0101V1:混合机门:关门到位:Mixer Gate:Closing | M25: ¶ | N25: - | O25: =D25 -> =RI3-DI01 | P25: =A25 -> 5 | Q25: =C25 -> I220.4 | R25: =E25&M25&F25&G25&M25&H25&I25 -> M0101V1¶混合机门关门到位¶Mixer GateClosing
A26: 6 | B26: 6 | C26: I220.5 | D26: =RI3-DI01 | E26: =TRIM(MID(SUBSTITUTE($J26,":",REPT(" ",40)),1,40)) -> M0101 | F26: =TRIM(MID(SUBSTITUTE($J26,":",REPT(" ",40)),40,40)) -> 混合机 | G26: =TRIM(MID(SUBSTITUTE($J26,":",REPT(" ",40)),80,40)) -> 门保 | H26: =TRIM(MID(SUBSTITUTE($J26,":",REPT(" ",40)),120,40)) -> Mixer | I26: =TRIM(MID(SUBSTITUTE($J26,":",REPT(" ",40)),160,40)) -> Door Protect | J26: M0101:混合机:门保:Mixer:Door Protect | M26: ¶ | N26: - | O26: =D26 -> =RI3-DI01 | P26: =A26 -> 6 | Q26: =C26 -> I220.5 | R26: =E26&M26&F26&G26&M26&H26&I26 -> M0101¶混合机门保¶MixerDoor Protect
A27: 7 | B27: 7 | C27: I220.6 | D27: =RI3-DI01 | E27: =TRIM(MID(SUBSTITUTE($J27,":",REPT(" ",40)),1,40)) -> M0105 | F27: =TRIM(MID(SUBSTITUTE($J27,":",REPT(" ",40)),40,40)) -> 刮板机 | G27: =TRIM(MID(SUBSTITUTE($J27,":",REPT(" ",40)),80,40)) -> 运行 | H27: =TRIM(MID(SUBSTITUTE($J27,":",REPT(" ",40)),120,40)) -> Conveyor | I27: =TRIM(MID(SUBSTITUTE($J27,":",REPT(" ",40)),160,40)) -> Running | J27: M0105:刮板机:运行:Conveyor:Running | M27: ¶ | N27: - | O27: =D27 -> =RI3-DI01 | P27: =A27 -> 7 | Q27: =C27 -> I220.6 | R27: =E27&M27&F27&G27&M27&H27&I27 -> M0105¶刮板机运行¶ConveyorRunning
A28: 8 | B28: 8 | C28: I220.7 | D28: =RI3-DI01 | E28: =TRIM(MID(SUBSTITUTE($J28,":",REPT(" ",40)),1,40)) -> M0105 | F28: =TRIM(MID(SUBSTITUTE($J28,":",REPT(" ",40)),40,40)) -> 刮板机 | G28: =TRIM(MID(SUBSTITUTE($J28,":",REPT(" ",40)),80,40)) -> 急停 | H28: =TRIM(MID(SUBSTITUTE($J28,":",REPT(" ",40)),120,40)) -> Conveyor | I28: =TRIM(MID(SUBSTITUTE($J28,":",REPT(" ",40)),160,40)) -> Estop | J28: M0105:刮板机:急停:Conveyor:Estop | M28: ¶ | N28: - | O28: =D28 -> =RI3-DI01 | P28: =A28 -> 8 | Q28: =C28 -> I220.7 | R28: =E28&M28&F28&G28&M28&H28&I28 -> M0105¶刮板机急停¶ConveyorEstop
A29: 9 | B29: 9 | C29: I221.0 | D29: =RI3-DI01 | E29: =TRIM(MID(SUBSTITUTE($J29,":",REPT(" ",40)),1,40)) -> M0107 | F29: =TRIM(MID(SUBSTITUTE($J29,":",REPT(" ",40)),40,40)) -> 风机 | G29: =TRIM(MID(SUBSTITUTE($J29,":",REPT(" ",40)),80,40)) -> 运行 | H29: =TRIM(MID(SUBSTITUTE($J29,":",REPT(" ",40)),120,40)) -> Fan | I29: =TRIM(MID(SUBSTITUTE($J29,":",REPT(" ",40)),160,40)) -> Running | J29: M0107:风机:运行:Fan:Running | M29: ¶ | N29: - | O29: =D29 -> =RI3-DI01 | P29: =A29 -> 9 | Q29: =C29 -> I221.0 | R29: =E29&M29&F29&G29&M29&H29&I29 -> M0107¶风机运行¶FanRunning
A30: 10 | B30: 10 | C30: I221.1 | D30: =RI3-DI01 | E30: =TRIM(MID(SUBSTITUTE($J30,":",REPT(" ",40)),1,40)) -> M0108 | F30: =TRIM(MID(SUBSTITUTE($J30,":",REPT(" ",40)),40,40)) -> 提升机 | G30: =TRIM(MID(SUBSTITUTE($J30,":",REPT(" ",40)),80,40)) -> 运行 | H30: =TRIM(MID(SUBSTITUTE($J30,":",REPT(" ",40)),120,40)) -> Elevator | I30: =TRIM(MID(SUBSTITUTE($J30,":",REPT(" ",40)),160,40)) -> Running | J30: M0108:提升机:运行:Elevator:Running | M30: ¶ | N30: - | O30: =D30 -> =RI3-DI01 | P30: =A30 -> 10 | Q30: =C30 -> I221.1 | R30: =E30&M30&F30&G30&M30&H30&I30 -> M0108¶提升机运行¶ElevatorRunning
A31: 11 | B31: 11 | C31: I221.2 | D31: =RI3-DI01 | E31: =TRIM(MID(SUBSTITUTE($J31,":",REPT(" ",40)),1,40)) -> M0108 | F31: =TRIM(MID(SUBSTITUTE($J31,":",REPT(" ",40)),40,40)) -> 提升机 | G31: =TRIM(MID(SUBSTITUTE($J31,":",REPT(" ",40)),80,40)) -> 急停 | H31: =TRIM(MID(SUBSTITUTE($J31,":",REPT(" ",40)),120,40)) -> Elevator | I31: =TRIM(MID(SUBSTITUTE($J31,":",REPT(" ",40)),160,40)) -> Estop | J31: M0108:提升机:急停:Elevator:Estop | M31: ¶ | N31: - | O31: =D31 -> =RI3-DI01 | P31: =A31 -> 11 | Q31: =C31 -> I221.2 | R31: =E31&M31&F31&G31&M31&H31&I31 -> M0108¶提升机急停¶ElevatorEstop
A32: 12 | B32: 12 | C32: I221.3 | D32: =RI3-DI01 | E32: =TRIM(MID(SUBSTITUTE($J32,":",REPT(" ",40)),1,40)) -> M0110 | F32: =TRIM(MID(SUBSTITUTE($J32,":",REPT(" ",40)),40,40)) -> 初清筛 | G32: =TRIM(MID(SUBSTITUTE($J32,":",REPT(" ",40)),80,40)) -> 运行 | H32: =TRIM(MID(SUBSTITUTE($J32,":",REPT(" ",40)),120,40)) -> Precleaner | I32: =TRIM(MID(SUBSTITUTE($J32,":",REPT(" ",40)),160,40)) -> Running | J32: M0110:初清筛:运行:Precleaner:Running | M32: ¶ | N32: - | O32: =D32 -> =RI3-DI01 | P32: =A32 -> 12 | Q32: =C32 -> I221.3 | R32: =E32&M32&F32&G32&M32&H32&I32 -> M0110¶初清筛运行¶PrecleanerRunning
... A64: 12 | B64: 44 | C64: I225.3 | D64: =RI3-DI03 | E64: =TRIM(MID(SUBSTITUTE($J64,":",REPT(" ",40)),1,40)) -> AG-4101 | F64: =TRIM(MID(SUBSTITUTE($J64,":",REPT(" ",40)),40,40)) -> 搅拌电机 | G64: =TRIM(MID(SUBSTITUTE($J64,":",REPT(" ",40)),80,40)) -> 运行 | H64: =TRIM(MID(SUBSTITUTE($J64,":",REPT(" ",40)),120,40)) -> Stir motor | I64: =TRIM(MID(SUBSTITUTE($J64,":",REPT(" ",40)),160,40)) -> Running | J64: AG-4101:搅拌电机:运行:Stir motor:Running | M64: ¶ | N64: - | O64: =D64 -> =RI3-DI03 | P64: =A64 -> 12 | Q64: =C64 -> I225.3 | R64: =E64&M64&F64&G64&M64&H64&I64 -> AG-4101¶搅拌电机运行¶Stir motorRunning
A65: 13 | B65: 45 | C65: I225.4 | D65: =RI3-DI03 | E65: =TRIM(MID(SUBSTITUTE($J65,":",REPT(" ",40)),1,40)) -> WPU-1001 | F65: =TRIM(MID(SUBSTITUTE($J65,":",REPT(" ",40)),40,40)) -> 水泵 | G65: =TRIM(MID(SUBSTITUTE($J65,":",REPT(" ",40)),80,40)) -> 运行 | H65: =TRIM(MID(SUBSTITUTE($J65,":",REPT(" ",40)),120,40)) -> Water pump | I65: =TRIM(MID(SUBSTITUTE($J65,":",REPT(" ",40)),160,40)) -> Running | J65: WPU-1001:水泵:运行:Water pump:Running | M65: ¶ | N65: - | O65: =D65 -> =RI3-DI03 | P65: =A65 -> 13 | Q65: =C65 -> I225.4 | R65: =E65&M65&F65&G65&M65&H65&I65 -> WPU-1001¶水泵运行¶Water pumpRunning | S65: 取消 | T65: 2023.5.29
A66: 14 | B66: 46 | C66: I225.5 | D66: =RI3-DI03 | E66: =TRIM(MID(SUBSTITUTE($J66,":",REPT(" ",40)),1,40)) -> WPU-1002 | F66: =TRIM(MID(SUBSTITUTE($J66,":",REPT(" ",40)),40,40)) -> 水泵 | G66: =TRIM(MID(SUBSTITUTE($J66,":",REPT(" ",40)),80,40)) -> 运行 | H66: =TRIM(MID(SUBSTITUTE($J66,":",REPT(" ",40)),120,40)) -> Water pump | I66: =TRIM(MID(SUBSTITUTE($J66,":",REPT(" ",40)),160,40)) -> Running | J66: WPU-1002:水泵:运行:Water pump:Running | M66: ¶ | N66: - | O66: =D66 -> =RI3-DI03 | P66: =A66 -> 14 | Q66: =C66 -> I225.5 | R66: =E66&M66&F66&G66&M66&H66&I66 -> WPU-1002¶水泵运行¶Water pumpRunning | S66: 取消 | T66: 2023.5.29
A67: 15 | B67: 47 | C67: I225.6 | D67: =RI3-DI03 | E67: =TRIM(MID(SUBSTITUTE($J67,":",REPT(" ",40)),1,40)) -> WPU-1003 | F67: =TRIM(MID(SUBSTITUTE($J67,":",REPT(" ",40)),40,40)) -> 水泵 | G67: =TRIM(MID(SUBSTITUTE($J67,":",REPT(" ",40)),80,40)) -> 运行 | H67: =TRIM(MID(SUBSTITUTE($J67,":",REPT(" ",40)),120,40)) -> Water pump | I67: =TRIM(MID(SUBSTITUTE($J67,":",REPT(" ",40)),160,40)) -> Running | J67: WPU-1003:水泵:运行:Water pump:Running | M67: ¶ | N67: - | O67: =D67 -> =RI3-DI03 | P67: =A67 -> 15 | Q67: =C67 -> I225.6 | R67: =E67&M67&F67&G67&M67&H67&I67 -> WPU-1003¶水泵运行¶Water pumpRunning | S67: 取消 | T67: 2023.5.29
A68: 16 | B68: 48 | C68: I225.7 | D68: =RI3-DI03 | E68: =TRIM(MID(SUBSTITUTE($J68,":",REPT(" ",40)),1,40)) -> WPU-2001 | F68: =TRIM(MID(SUBSTITUTE($J68,":",REPT(" ",40)),40,40)) -> 水泵 | G68: =TRIM(MID(SUBSTITUTE($J68,":",REPT(" ",40)),80,40)) -> 运行 | H68: =TRIM(MID(SUBSTITUTE($J68,":",REPT(" ",40)),120,40)) -> Water pump | I68: =TRIM(MID(SUBSTITUTE($J68,":",REPT(" ",40)),160,40)) -> Running | J68: WPU-2001:水泵:运行:Water pump:Running | M68: ¶ | N68: - | O68: =D68 -> =RI3-DI03 | P68: =A68 -> 16 | Q68: =C68 -> I225.7 | R68: =E68&M68&F68&G68&M68&H68&I68 -> WPU-2001¶水泵运行¶Water pumpRunning | S68: 取消 | T68: 2023.5.29
A69: 1 | B69: 49 | C69: I226.0 | D69: =RI3-DI04 | E69: =TRIM(MID(SUBSTITUTE($J69,":",REPT(" ",40)),1,40)) -> WPU-2002 | F69: =TRIM(MID(SUBSTITUTE($J69,":",REPT(" ",40)),40,40)) -> 水泵 | G69: =TRIM(MID(SUBSTITUTE($J69,":",REPT(" ",40)),80,40)) -> 运行 | H69: =TRIM(MID(SUBSTITUTE($J69,":",REPT(" ",40)),120,40)) -> Water pump | I69: =TRIM(MID(SUBSTITUTE($J69,":",REPT(" ",40)),160,40)) -> Running | J69: WPU-2002:水泵:运行:Water pump:Running | M69: ¶ | N69: - | O69: =D69 -> =RI3-DI04 | P69: =A69 -> 1 | Q69: =C69 -> I226.0 | R69: =E69&M69&F69&G69&M69&H69&I69 -> WPU-2002¶水泵运行¶Water pumpRunning | S69: 取消 | T69: 2023.5.29
A70: 2 | B70: 50 | C70: I226.1 | D70: =RI3-DI04 | E70: =TRIM(MID(SUBSTITUTE($J70,":",REPT(" ",40)),1,40)) -> WPU-2003 | F70: =TRIM(MID(SUBSTITUTE($J70,":",REPT(" ",40)),40,40)) -> 水泵 | G70: =TRIM(MID(SUBSTITUTE($J70,":",REPT(" ",40)),80,40)) -> 运行 | H70: =TRIM(MID(SUBSTITUTE($J70,":",REPT(" ",40)),120,40)) -> Water pump | I70: =TRIM(MID(SUBSTITUTE($J70,":",REPT(" ",40)),160,40)) -> Running | J70: WPU-2003:水泵:运行:Water pump:Running | M70: ¶ | N70: - | O70: =D70 -> =RI3-DI04 | P70: =A70 -> 2 | Q70: =C70 -> I226.1 | R70: =E70&M70&F70&G70&M70&H70&I70 -> WPU-2003¶水泵运行¶Water pumpRunning | S70: 取消 | T70: 2023.5.29
A71: 3 | B71: 51 | C71: I226.2 | D71: =RI3-DI04 | E71: =TRIM(MID(SUBSTITUTE($J71,":",REPT(" ",40)),1,40)) -> FAN-2004 | F71: =TRIM(MID(SUBSTITUTE($J71,":",REPT(" ",40)),40,40)) -> 冷却风机 | G71: =TRIM(MID(SUBSTITUTE($J71,":",REPT(" ",40)),80,40)) -> 运行 | H71: =TRIM(MID(SUBSTITUTE($J71,":",REPT(" ",40)),120,40)) -> FAN | I71: =TRIM(MID(SUBSTITUTE($J71,":",REPT(" ",40)),160,40)) -> Running | J71: FAN-2004:冷却风机:运行:FAN:Running | M71: ¶ | N71: - | O71: =D71 -> =RI3-DI04 | P71: =A71 -> 3 | Q71: =C71 -> I226.2 | R71: =E71&M71&F71&G71&M71&H71&I71 -> FAN-2004¶冷却风机运行¶FANRunning | S71: 取消 | T71: 2023.5.29
A72: 4 | B72: 52 | C72: I226.3 | D72: =RI3-DI04 | E72: =TRIM(MID(SUBSTITUTE($J72,":",REPT(" ",40)),1,40)) -> 备用 Spare | F72: =TRIM(MID(SUBSTITUTE($J72,":",REPT(" ",40)),40,40)) | G72: =TRIM(MID(SUBSTITUTE($J72,":",REPT(" ",40)),80,40)) | H72: =TRIM(MID(SUBSTITUTE($J72,":",REPT(" ",40)),120,40)) | I72: =TRIM(MID(SUBSTITUTE($J72,":",REPT(" ",40)),160,40)) | J72: 备用 Spare | M72: ¶ | N72: - | O72: =D72 -> =RI3-DI04 | P72: =A72 -> 4 | Q72: =C72 -> I226.3 | R72: =E72&M72&F72&G72&M72&H72&I72 -> 备用 Spare¶¶
A73: 5 | B73: 53 | C73: I226.4 | D73: =RI3-DI04 | E73: =TRIM(MID(SUBSTITUTE($J73,":",REPT(" ",40)),1,40)) -> 备用 Spare | F73: =TRIM(MID(SUBSTITUTE($J73,":",REPT(" ",40)),40,40)) | G73: =TRIM(MID(SUBSTITUTE($J73,":",REPT(" ",40)),80,40)) | H73: =TRIM(MID(SUBSTITUTE($J73,":",REPT(" ",40)),120,40)) | I73: =TRIM(MID(SUBSTITUTE($J73,":",REPT(" ",40)),160,40)) | J73: 备用 Spare | M73: ¶ | N73: - | O73: =D73 -> =RI3-DI04 | P73: =A73 -> 5 | Q73: =C73 -> I226.4 | R73: =E73&M73&F73&G73&M73&H73&I73 -> 备用 Spare¶¶
A74: 6 | B74: 54 | C74: I226.5 | D74: =RI3-DI04 | E74: =TRIM(MID(SUBSTITUTE($J74,":",REPT(" ",40)),1,40)) -> 备用 Spare | F74: =TRIM(MID(SUBSTITUTE($J74,":",REPT(" ",40)),40,40)) | G74: =TRIM(MID(SUBSTITUTE($J74,":",REPT(" ",40)),80,40)) | H74: =TRIM(MID(SUBSTITUTE($J74,":",REPT(" ",40)),120,40)) | I74: =TRIM(MID(SUBSTITUTE($J74,":",REPT(" ",40)),160,40)) | J74: 备用 Spare | M74: ¶ | N74: - | O74: =D74 -> =RI3-DI04 | P74: =A74 -> 6 | Q74: =C74 -> I226.5 | R74: =E74&M74&F74&G74&M74&H74&I74 -> 备用 Spare¶¶
A75: 7 | B75: 55 | C75: I226.6 | D75: =RI3-DI04 | E75: =TRIM(MID(SUBSTITUTE($J75,":",REPT(" ",40)),1,40)) -> 备用 Spare | F75: =TRIM(MID(SUBSTITUTE($J75,":",REPT(" ",40)),40,40)) | G75: =TRIM(MID(SUBSTITUTE($J75,":",REPT(" ",40)),80,40)) | H75: =TRIM(MID(SUBSTITUTE($J75,":",REPT(" ",40)),120,40)) | I75: =TRIM(MID(SUBSTITUTE($J75,":",REPT(" ",40)),160,40)) | J75: 备用 Spare | M75: ¶ | N75: - | O75: =D75 -> =RI3-DI04 | P75: =A75 -> 7 | Q75: =C75 -> I226.6 | R75: =E75&M75&F75&G75&M75&H75&I75 -> 备用 Spare¶¶
A76: 8 | B76: 56 | C76: I226.7 | D76: =RI3-DI04 | E76: =TRIM(MID(SUBSTITUTE($J76,":",REPT(" ",40)),1,40)) -> 备用 Spare | F76: =TRIM(MID(SUBSTITUTE($J76,":",REPT(" ",40)),40,40)) | G76: =TRIM(MID(SUBSTITUTE($J76,":",REPT(" ",40)),80,40)) | H76: =TRIM(MID(SUBSTITUTE($J76,":",REPT(" ",40)),120,40)) | I76: =TRIM(MID(SUBSTITUTE($J76,":",REPT(" ",40)),160,40)) | J76: 备用 Spare | M76: ¶ | N76: - | O76: =D76 -> =RI3-DI04 | P76: =A76 -> 8 | Q76: =C76 -> I226.7 | R76: =E76&M76&F76&G76&M76&H76&I76 -> 备用 Spare¶¶
A77: 9 | B77: 57 | C77: I227.0 | D77: =RI3-DI04 | E77: =TRIM(MID(SUBSTITUTE($J77,":",REPT(" ",40)),1,40)) -> 备用 Spare | F77: =TRIM(MID(SUBSTITUTE($J77,":",REPT(" ",40)),40,40)) | G77: =TRIM(MID(SUBSTITUTE($J77,":",REPT(" ",40)),80,40)) | H77: =TRIM(MID(SUBSTITUTE($J77,":",REPT(" ",40)),120,40)) | I77: =TRIM(MID(SUBSTITUTE($J77,":",REPT(" ",40)),160,40)) | J77: 备用 Spare | M77: ¶ | N77: - | O77: =D77 -> =RI3-DI04 | P77: =A77 -> 9 | Q77: =C77 -> I227.0 | R77: =E77&M77&F77&G77&M77&H77&I77 -> 备用 Spare¶¶
A78: 10 | B78: 58 | C78: I227.1 | D78: =RI3-DI04 | E78: =TRIM(MID(SUBSTITUTE($J78,":",REPT(" ",40)),1,40)) -> 备用 Spare | F78: =TRIM(MID(SUBSTITUTE($J78,":",REPT(" ",40)),40,40)) | G78: =TRIM(MID(SUBSTITUTE($J78,":",REPT(" ",40)),80,40)) | H78: =TRIM(MID(SUBSTITUTE($J78,":",REPT(" ",40)),120,40)) | I78: =TRIM(MID(SUBSTITUTE($J78,":",REPT(" ",40)),160,40)) | J78: 备用 Spare | M78: ¶ | N78: - | O78: =D78 -> =RI3-DI04 | P78: =A78 -> 10 | Q78: =C78 -> I227.1 | R78: =E78&M78&F78&G78&M78&H78&I78 -> 备用 Spare¶¶
A79: 11 | B79: 59 | C79: I227.2 | D79: =RI3-DI04 | E79: =TRIM(MID(SUBSTITUTE($J79,":",REPT(" ",40)),1,40)) -> 备用 Spare | F79: =TRIM(MID(SUBSTITUTE($J79,":",REPT(" ",40)),40,40)) | G79: =TRIM(MID(SUBSTITUTE($J79,":",REPT(" ",40)),80,40)) | H79: =TRIM(MID(SUBSTITUTE($J79,":",REPT(" ",40)),120,40)) | I79: =TRIM(MID(SUBSTITUTE($J79,":",REPT(" ",40)),160,40)) | J79: 备用 Spare | M79: ¶ | N79: - | O79: =D79 -> =RI3-DI04 | P79: =A79 -> 11 | Q79: =C79 -> I227.2 | R79: =E79&M79&F79&G79&M79&H79&I79 -> 备用 Spare¶¶
A80: 12 | B80: 60 | C80: I227.3 | D80: =RI3-DI04 | E80: =TRIM(MID(SUBSTITUTE($J80,":",REPT(" ",40)),1,40)) -> 备用 Spare | F80: =TRIM(MID(SUBSTITUTE($J80,":",REPT(" ",40)),40,40)) | G80: =TRIM(MID(SUBSTITUTE($J80,":",REPT(" ",40)),80,40)) | H80: =TRIM(MID(SUBSTITUTE($J80,":",REPT(" ",40)),120,40)) | I80: =TRIM(MID(SUBSTITUTE($J80,":",REPT(" ",40)),160,40)) | J80: 备用 Spare | M80: ¶ | N80: - | O80: =D80 -> =RI3-DI04 | P80: =A80 -> 12 | Q80: =C80 -> I227.3 | R80: =E80&M80&F80&G80&M80&H80&I80 -> 备用 Spare¶¶
A81: 13 | B81: 61 | C81: I227.4 | D81: =RI3-DI04 | E81: =TRIM(MID(SUBSTITUTE($J81,":",REPT(" ",40)),1,40)) -> 备用 Spare | F81: =TRIM(MID(SUBSTITUTE($J81,":",REPT(" ",40)),40,40)) | G81: =TRIM(MID(SUBSTITUTE($J81,":",REPT(" ",40)),80,40)) | H81: =TRIM(MID(SUBSTITUTE($J81,":",REPT(" ",40)),120,40)) | I81: =TRIM(MID(SUBSTITUTE($J81,":",REPT(" ",40)),160,40)) | J81: 备用 Spare | M81: ¶ | N81: - | O81: =D81 -> =RI3-DI04 | P81: =A81 -> 13 | Q81: =C81 -> I227.4 | R81: =E81&M81&F81&G81&M81&H81&I81 -> 备用 Spare¶¶
A82: 14 | B82: 62 | C82: I227.5 | D82: =RI3-DI04 | E82: =TRIM(MID(SUBSTITUTE($J82,":",REPT(" ",40)),1,40)) -> 备用 Spare | F82: =TRIM(MID(SUBSTITUTE($J82,":",REPT(" ",40)),40,40)) | G82: =TRIM(MID(SUBSTITUTE($J82,":",REPT(" ",40)),80,40)) | H82: =TRIM(MID(SUBSTITUTE($J82,":",REPT(" ",40)),120,40)) | I82: =TRIM(MID(SUBSTITUTE($J82,":",REPT(" ",40)),160,40)) | J82: 备用 Spare | M82: ¶ | N82: - | O82: =D82 -> =RI3-DI04 | P82: =A82 -> 14 | Q82: =C82 -> I227.5 | R82: =E82&M82&F82&G82&M82&H82&I82 -> 备用 Spare¶¶
A83: 15 | B83: 63 | C83: I227.6 | D83: =RI3-DI04 | E83: =TRIM(MID(SUBSTITUTE($J83,":",REPT(" ",40)),1,40)) -> 备用 Spare | F83: =TRIM(MID(SUBSTITUTE($J83,":",REPT(" ",40)),40,40)) | G83: =TRIM(MID(SUBSTITUTE($J83,":",REPT(" ",40)),80,40)) | H83: =TRIM(MID(SUBSTITUTE($J83,":",REPT(" ",40)),120,40)) | I83: =TRIM(MID(SUBSTITUTE($J83,":",REPT(" ",40)),160,40)) | J83: 备用 Spare | M83: ¶ | N83: - | O83: =D83 -> =RI3-DI04 | P83: =A83 -> 15 | Q83: =C83 -> I227.6 | R83: =E83&M83&F83&G83&M83&H83&I83 -> 备用 Spare¶¶
A84: 16 | B84: 64 | C84: I227.7 | D84: =RI3-DI04 | E84: =TRIM(MID(SUBSTITUTE($J84,":",REPT(" ",40)),1,40)) -> 备用 Spare | F84: =TRIM(MID(SUBSTITUTE($J84,":",REPT(" ",40)),40,40)) | G84: =TRIM(MID(SUBSTITUTE($J84,":",REPT(" ",40)),80,40)) | H84: =TRIM(MID(SUBSTITUTE($J84,":",REPT(" ",40)),120,40)) | I84: =TRIM(MID(SUBSTITUTE($J84,":",REPT(" ",40)),160,40)) | J84: 备用 Spare | M84: ¶ | N84: - | O84: =D84 -> =RI3-DI04 | P84: =A84 -> 16 | Q84: =C84 -> I227.7 | R84: =E84&M84&F84&G84&M84&H84&I84 -> 备用 Spare¶¶
B88: 序号 | C88: 地址 | D88: 符号表 | E88: 编号 | F88: 设备名称 | G88: 信号名称 | H88: 设备名称（英文） | I88: 信号名称（英文） | J88: 设备名称 | K88: 备注 | L88: 柜号
A89: 1 | B89: 1 | C89: Q214.0 | D89: =RI3-DO01 | E89: =TRIM(MID(SUBSTITUTE($J89,":",REPT(" ",40)),1,40)) -> B0110 | F89: =TRIM(MID(SUBSTITUTE($J89,":",REPT(" ",40)),40,40)) -> 风机 | G89: =TRIM(MID(SUBSTITUTE($J89,":",REPT(" ",40)),80,40)) -> 启动 | H89: =TRIM(MID(SUBSTITUTE($J89,":",REPT(" ",40)),120,40)) -> Fan | I89: =TRIM(MID(SUBSTITUTE($J89,":",REPT(" ",40)),160,40)) -> Start | J89: B0110:风机:启动:Fan:Start | M89: ¶ | N89: - | O89: =D89 -> =RI3-DO01 | P89: =A89 -> 1 | Q89: =C89 -> Q214.0 | R89: =E89&M89&F89&G89&M89&H89&I89 -> B0110¶风机启动¶FanStart
A90: 2 | B90: 2 | C90: Q214.1 | D90: =RI3-DO01 | E90: =TRIM(MID(SUBSTITUTE($J90,":",REPT(" ",40)),1,40)) -> M0101 | F90: =TRIM(MID(SUBSTITUTE($J90,":",REPT(" ",40)),40,40)) -> 混合机 | G90: =TRIM(MID(SUBSTITUTE($J90,":",REPT(" ",40)),80,40)) -> 启动 | H90: =TRIM(MID(SUBSTITUTE($J90,":",REPT(" ",40)),120,40)) -> Mixer | I90: =TRIM(MID(SUBSTITUTE($J90,":",REPT(" ",40)),160,40)) -> Start | J90: M0101:混合机:启动:Mixer:Start | M90: ¶ | N90: - | O90: =D90 -> =RI3-DO01 | P90: =A90 -> 2 | Q90: =C90 -> Q214.1 | R90: =E90&M90&F90&G90&M90&H90&I90 -> M0101¶混合机启动¶MixerStart
A91: 3 | B91: 3 | C91: Q214.2 | D91: =RI3-DO01 | E91: =TRIM(MID(SUBSTITUTE($J91,":",REPT(" ",40)),1,40)) -> M0101V1 | F91: =TRIM(MID(SUBSTITUTE($J91,":",REPT(" ",40)),40,40)) -> 混合机门 | G91: =TRIM(MID(SUBSTITUTE($J91,":",REPT(" ",40)),80,40)) -> 开门 | H91: =TRIM(MID(SUBSTITUTE($J91,":",REPT(" ",40)),120,40)) -> Mixer Gate | I91: =TRIM(MID(SUBSTITUTE($J91,":",REPT(" ",40)),160,40)) -> Open | J91: M0101V1:混合机门:开门:Mixer Gate:Open | M91: ¶ | N91: - | O91: =D91 -> =RI3-DO01 | P91: =A91 -> 3 | Q91: =C91 -> Q214.2 | R91: =E91&M91&F91&G91&M91&H91&I91 -> M0101V1¶混合机门开门¶Mixer GateOpen
A92: 4 | B92: 4 | C92: Q214.3 | D92: =RI3-DO01 | E92: =TRIM(MID(SUBSTITUTE($J92,":",REPT(" ",40)),1,40)) -> M0107 | F92: =TRIM(MID(SUBSTITUTE($J92,":",REPT(" ",40)),40,40)) -> 风机 | G92: =TRIM(MID(SUBSTITUTE($J92,":",REPT(" ",40)),80,40)) -> 启动 | H92: =TRIM(MID(SUBSTITUTE($J92,":",REPT(" ",40)),120,40)) -> Fan | I92: =TRIM(MID(SUBSTITUTE($J92,":",REPT(" ",40)),160,40)) -> Start | J92: M0107:风机:启动:Fan:Start | M92: ¶ | N92: - | O92: =D92 -> =RI3-DO01 | P92: =A92 -> 4 | Q92: =C92 -> Q214.3 | R92: =E92&M92&F92&G92&M92&H92&I92 -> M0107¶风机启动¶FanStart
A93: 5 | B93: 5 | C93: Q214.4 | D93: =RI3-DO01 | E93: =TRIM(MID(SUBSTITUTE($J93,":",REPT(" ",40)),1,40)) -> M0108 | F93: =TRIM(MID(SUBSTITUTE($J93,":",REPT(" ",40)),40,40)) -> 提升机 | G93: =TRIM(MID(SUBSTITUTE($J93,":",REPT(" ",40)),80,40)) -> 启动 | H93: =TRIM(MID(SUBSTITUTE($J93,":",REPT(" ",40)),120,40)) -> Elevator | I93: =TRIM(MID(SUBSTITUTE($J93,":",REPT(" ",40)),160,40)) -> Start | J93: M0108:提升机:启动:Elevator:Start | M93: ¶ | N93: - | O93: =D93 -> =RI3-DO01 | P93: =A93 -> 5 | Q93: =C93 -> Q214.4 | R93: =E93&M93&F93&G93&M93&H93&I93 -> M0108¶提升机启动¶ElevatorStart
A94: 6 | B94: 6 | C94: Q214.5 | D94: =RI3-DO01 | E94: =TRIM(MID(SUBSTITUTE($J94,":",REPT(" ",40)),1,40)) -> M0110 | F94: =TRIM(MID(SUBSTITUTE($J94,":",REPT(" ",40)),40,40)) -> 初清筛 | G94: =TRIM(MID(SUBSTITUTE($J94,":",REPT(" ",40)),80,40)) -> 启动 | H94: =TRIM(MID(SUBSTITUTE($J94,":",REPT(" ",40)),120,40)) -> Precleaner | I94: =TRIM(MID(SUBSTITUTE($J94,":",REPT(" ",40)),160,40)) -> Start | J94: M0110:初清筛:启动:Precleaner:Start | M94: ¶ | N94: - | O94: =D94 -> =RI3-DO01 | P94: =A94 -> 6 | Q94: =C94 -> Q214.5 | R94: =E94&M94&F94&G94&M94&H94&I94 -> M0110¶初清筛启动¶PrecleanerStart
A95: 7 | B95: 7 | C95: Q214.6 | D95: =RI3-DO01 | E95: =TRIM(MID(SUBSTITUTE($J95,":",REPT(" ",40)),1,40)) -> M0111 | F95: =TRIM(MID(SUBSTITUTE($J95,":",REPT(" ",40)),40,40)) -> 刮板机 | G95: =TRIM(MID(SUBSTITUTE($J95,":",REPT(" ",40)),80,40)) -> 启动 | H95: =TRIM(MID(SUBSTITUTE($J95,":",REPT(" ",40)),120,40)) -> Conveyor | I95: =TRIM(MID(SUBSTITUTE($J95,":",REPT(" ",40)),160,40)) -> Start | J95: M0111:刮板机:启动:Conveyor:Start | M95: ¶ | N95: - | O95: =D95 -> =RI3-DO01 | P95: =A95 -> 7 | Q95: =C95 -> Q214.6 | R95: =E95&M95&F95&G95&M95&H95&I95 -> M0111¶刮板机启动¶ConveyorStart
A96: 8 | B96: 8 | C96: Q214.7 | D96: =RI3-DO01 | E96: =TRIM(MID(SUBSTITUTE($J96,":",REPT(" ",40)),1,40)) -> M0114 | F96: =TRIM(MID(SUBSTITUTE($J96,":",REPT(" ",40)),40,40)) -> 刮板机 | G96: =TRIM(MID(SUBSTITUTE($J96,":",REPT(" ",40)),80,40)) -> 启动 | H96: =TRIM(MID(SUBSTITUTE($J96,":",REPT(" ",40)),120,40)) -> Conveyor | I96: =TRIM(MID(SUBSTITUTE($J96,":",REPT(" ",40)),160,40)) -> Start | J96: M0114:刮板机:启动:Conveyor:Start | M96: ¶ | N96: - | O96: =D96 -> =RI3-DO01 | P96: =A96 -> 8 | Q96: =C96 -> Q214.7 | R96: =E96&M96&F96&G96&M96&H96&I96 -> M0114¶刮板机启动¶ConveyorStart
A97: 9 | B97: 9 | C97: Q215.0 | D97: =RI3-DO01 | E97: =TRIM(MID(SUBSTITUTE($J97,":",REPT(" ",40)),1,40)) -> M0115 | F97: =TRIM(MID(SUBSTITUTE($J97,":",REPT(" ",40)),40,40)) -> 风机 | G97: =TRIM(MID(SUBSTITUTE($J97,":",REPT(" ",40)),80,40)) -> 启动 | H97: =TRIM(MID(SUBSTITUTE($J97,":",REPT(" ",40)),120,40)) -> Fan | I97: =TRIM(MID(SUBSTITUTE($J97,":",REPT(" ",40)),160,40)) -> Start | J97: M0115:风机:启动:Fan:Start | M97: ¶ | N97: - | O97: =D97 -> =RI3-DO01 | P97: =A97 -> 9 | Q97: =C97 -> Q215.0 | R97: =E97&M97&F97&G97&M97&H97&I97 -> M0115¶风机启动¶FanStart
A98: 10 | B98: 10 | C98: Q215.1 | D98: =RI3-DO01 | E98: =TRIM(MID(SUBSTITUTE($J98,":",REPT(" ",40)),1,40)) -> M0117 | F98: =TRIM(MID(SUBSTITUTE($J98,":",REPT(" ",40)),40,40)) -> 旋转分配器 | G98: =TRIM(MID(SUBSTITUTE($J98,":",REPT(" ",40)),80,40)) -> 启动 | H98: =TRIM(MID(SUBSTITUTE($J98,":",REPT(" ",40)),120,40)) -> Rotary Distributor | I98: =TRIM(MID(SUBSTITUTE($J98,":",REPT(" ",40)),160,40)) -> Start | J98: M0117:旋转分配器:启动:Rotary Distributor:Start | M98: ¶ | N98: - | O98: =D98 -> =RI3-DO01 | P98: =A98 -> 10 | Q98: =C98 -> Q215.1 | R98: =E98&M98&F98&G98&M98&H98&I98 -> M0117¶旋转分配器启动¶Rotary DistributorStart
A99: 11 | B99: 11 | C99: Q215.2 | D99: =RI3-DO01 | E99: =TRIM(MID(SUBSTITUTE($J99,":",REPT(" ",40)),1,40)) -> AG-4001 | F99: =TRIM(MID(SUBSTITUTE($J99,":",REPT(" ",40)),40,40)) -> 搅拌电机 | G99: =TRIM(MID(SUBSTITUTE($J99,":",REPT(" ",40)),80,40)) -> 启动 | H99: =TRIM(MID(SUBSTITUTE($J99,":",REPT(" ",40)),120,40)) -> Stir motor | I99: =TRIM(MID(SUBSTITUTE($J99,":",REPT(" ",40)),160,40)) -> Start | J99: AG-4001:搅拌电机:启动:Stir motor:Start | M99: ¶ | N99: - | O99: =D99 -> =RI3-DO01 | P99: =A99 -> 11 | Q99: =C99 -> Q215.2 | R99: =E99&M99&F99&G99&M99&H99&I99 -> AG-4001¶搅拌电机启动¶Stir motorStart
A100: 12 | B100: 12 | C100: Q215.3 | D100: =RI3-DO01 | E100: =TRIM(MID(SUBSTITUTE($J100,":",REPT(" ",40)),1,40)) -> AG-9001 | F100: =TRIM(MID(SUBSTITUTE($J100,":",REPT(" ",40)),40,40)) -> 搅拌电机 | G100: =TRIM(MID(SUBSTITUTE($J100,":",REPT(" ",40)),80,40)) -> 启动 | H100: =TRIM(MID(SUBSTITUTE($J100,":",REPT(" ",40)),120,40)) -> Stir motor | I100: =TRIM(MID(SUBSTITUTE($J100,":",REPT(" ",40)),160,40)) -> Start | J100: AG-9001:搅拌电机:启动:Stir motor:Start | M100: ¶ | N100: - | O100: =D100 -> =RI3-DO01 | P100: =A100 -> 12 | Q100: =C100 -> Q215.3 | R100: =E100&M100&F100&G100&M100&H100&I100 -> AG-9001¶搅拌电机启动¶Stir motorStart
... A104: 16 | B104: 16 | C104: Q215.7 | D104: =RI3-DO01 | E104: =TRIM(MID(SUBSTITUTE($J104,":",REPT(" ",40)),1,40)) -> AG-4101 | F104: =TRIM(MID(SUBSTITUTE($J104,":",REPT(" ",40)),40,40)) -> 搅拌电机 | G104: =TRIM(MID(SUBSTITUTE($J104,":",REPT(" ",40)),80,40)) -> 启动 | H104: =TRIM(MID(SUBSTITUTE($J104,":",REPT(" ",40)),120,40)) -> Stir motor | I104: =TRIM(MID(SUBSTITUTE($J104,":",REPT(" ",40)),160,40)) -> Start | J104: AG-4101:搅拌电机:启动:Stir motor:Start | M104: ¶ | N104: - | O104: =D104 -> =RI3-DO01 | P104: =A104 -> 16 | Q104: =C104 -> Q215.7 | R104: =E104&M104&F104&G104&M104&H104&I104 -> AG-4101¶搅拌电机启动¶Stir motorStart
A105: 1 | B105: 17 | C105: Q216.0 | D105: =RI3-DO02 | E105: =TRIM(MID(SUBSTITUTE($J105,":",REPT(" ",40)),1,40)) -> 备用 Spare | J105: 备用 Spare | M105: ¶ | N105: - | O105: =D105 -> =RI3-DO02 | P105: =A105 -> 1 | Q105: =C105 -> Q216.0 | R105: =E105&M105&F105&G105&M105&H105&I105 -> 备用 Spare¶¶ | S105: 取消 | T105: 2023.5.29
A106: 2 | B106: 18 | C106: Q216.1 | D106: =RI3-DO02 | E106: =TRIM(MID(SUBSTITUTE($J106,":",REPT(" ",40)),1,40)) -> 备用 Spare | J106: 备用 Spare | M106: ¶ | N106: - | O106: =D106 -> =RI3-DO02 | P106: =A106 -> 2 | Q106: =C106 -> Q216.1 | R106: =E106&M106&F106&G106&M106&H106&I106 -> 备用 Spare¶¶ | S106: 取消 | T106: 2023.5.29
A107: 3 | B107: 19 | C107: Q216.2 | D107: =RI3-DO02 | E107: =TRIM(MID(SUBSTITUTE($J107,":",REPT(" ",40)),1,40)) -> 备用 Spare | J107: 备用 Spare | M107: ¶ | N107: - | O107: =D107 -> =RI3-DO02 | P107: =A107 -> 3 | Q107: =C107 -> Q216.2 | R107: =E107&M107&F107&G107&M107&H107&I107 -> 备用 Spare¶¶ | S107: 取消 | T107: 2023.5.29
A108: 4 | B108: 20 | C108: Q216.3 | D108: =RI3-DO02 | E108: =TRIM(MID(SUBSTITUTE($J108,":",REPT(" ",40)),1,40)) -> 备用 Spare | J108: 备用 Spare | M108: ¶ | N108: - | O108: =D108 -> =RI3-DO02 | P108: =A108 -> 4 | Q108: =C108 -> Q216.3 | R108: =E108&M108&F108&G108&M108&H108&I108 -> 备用 Spare¶¶ | S108: 取消 | T108: 2023.5.29
A109: 5 | B109: 21 | C109: Q216.4 | D109: =RI3-DO02 | E109: =TRIM(MID(SUBSTITUTE($J109,":",REPT(" ",40)),1,40)) -> 备用 Spare | J109: 备用 Spare | M109: ¶ | N109: - | O109: =D109 -> =RI3-DO02 | P109: =A109 -> 5 | Q109: =C109 -> Q216.4 | R109: =E109&M109&F109&G109&M109&H109&I109 -> 备用 Spare¶¶ | S109: 取消 | T109: 2023.5.29
A110: 6 | B110: 22 | C110: Q216.5 | D110: =RI3-DO02 | E110: =TRIM(MID(SUBSTITUTE($J110,":",REPT(" ",40)),1,40)) -> 备用 Spare | J110: 备用 Spare | M110: ¶ | N110: - | O110: =D110 -> =RI3-DO02 | P110: =A110 -> 6 | Q110: =C110 -> Q216.5 | R110: =E110&M110&F110&G110&M110&H110&I110 -> 备用 Spare¶¶ | S110: 取消 | T110: 2023.5.29
A111: 7 | B111: 23 | C111: Q216.6 | D111: =RI3-DO02 | E111: =TRIM(MID(SUBSTITUTE($J111,":",REPT(" ",40)),1,40)) -> 备用 Spare | J111: 备用 Spare | M111: ¶ | N111: - | O111: =D111 -> =RI3-DO02 | P111: =A111 -> 7 | Q111: =C111 -> Q216.6 | R111: =E111&M111&F111&G111&M111&H111&I111 -> 备用 Spare¶¶ | S111: 取消 | T111: 2023.5.29
A112: 8 | B112: 24 | C112: Q216.7 | D112: =RI3-DO02 | E112: =TRIM(MID(SUBSTITUTE($J112,":",REPT(" ",40)),1,40)) -> 备用 Spare | G112: =TRIM(MID(SUBSTITUTE($J112,":",REPT(" ",40)),80,40)) | H112: =TRIM(MID(SUBSTITUTE($J112,":",REPT(" ",40)),120,40)) | I112: =TRIM(MID(SUBSTITUTE($J112,":",REPT(" ",40)),160,40)) | J112: 备用 Spare | M112: ¶ | N112: - | O112: =D112 -> =RI3-DO02 | P112: =A112 -> 8 | Q112: =C112 -> Q216.7 | R112: =E112&M112&F112&G112&M112&H112&I112 -> 备用 Spare¶¶
A113: 9 | B113: 25 | C113: Q217.0 | D113: =RI3-DO02 | E113: =TRIM(MID(SUBSTITUTE($J113,":",REPT(" ",40)),1,40)) -> 备用 Spare | F113: =TRIM(MID(SUBSTITUTE($J113,":",REPT(" ",40)),40,40)) | G113: =TRIM(MID(SUBSTITUTE($J113,":",REPT(" ",40)),80,40)) | H113: =TRIM(MID(SUBSTITUTE($J113,":",REPT(" ",40)),120,40)) | I113: =TRIM(MID(SUBSTITUTE($J113,":",REPT(" ",40)),160,40)) | J113: 备用 Spare | M113: ¶ | N113: - | O113: =D113 -> =RI3-DO02 | P113: =A113 -> 9 | Q113: =C113 -> Q217.0 | R113: =E113&M113&F113&G113&M113&H113&I113 -> 备用 Spare¶¶
A114: 10 | B114: 26 | C114: Q217.1 | D114: =RI3-DO02 | E114: =TRIM(MID(SUBSTITUTE($J114,":",REPT(" ",40)),1,40)) -> 备用 Spare | F114: =TRIM(MID(SUBSTITUTE($J114,":",REPT(" ",40)),40,40)) | G114: =TRIM(MID(SUBSTITUTE($J114,":",REPT(" ",40)),80,40)) | H114: =TRIM(MID(SUBSTITUTE($J114,":",REPT(" ",40)),120,40)) | I114: =TRIM(MID(SUBSTITUTE($J114,":",REPT(" ",40)),160,40)) | J114: 备用 Spare | M114: ¶ | N114: - | O114: =D114 -> =RI3-DO02 | P114: =A114 -> 10 | Q114: =C114 -> Q217.1 | R114: =E114&M114&F114&G114&M114&H114&I114 -> 备用 Spare¶¶
A115: 11 | B115: 27 | C115: Q217.2 | D115: =RI3-DO02 | E115: =TRIM(MID(SUBSTITUTE($J115,":",REPT(" ",40)),1,40)) -> 备用 Spare | F115: =TRIM(MID(SUBSTITUTE($J115,":",REPT(" ",40)),40,40)) | G115: =TRIM(MID(SUBSTITUTE($J115,":",REPT(" ",40)),80,40)) | H115: =TRIM(MID(SUBSTITUTE($J115,":",REPT(" ",40)),120,40)) | I115: =TRIM(MID(SUBSTITUTE($J115,":",REPT(" ",40)),160,40)) | J115: 备用 Spare | M115: ¶ | N115: - | O115: =D115 -> =RI3-DO02 | P115: =A115 -> 11 | Q115: =C115 -> Q217.2 | R115: =E115&M115&F115&G115&M115&H115&I115 -> 备用 Spare¶¶
A116: 12 | B116: 28 | C116: Q217.3 | D116: =RI3-DO02 | E116: =TRIM(MID(SUBSTITUTE($J116,":",REPT(" ",40)),1,40)) -> 备用 Spare | F116: =TRIM(MID(SUBSTITUTE($J116,":",REPT(" ",40)),40,40)) | G116: =TRIM(MID(SUBSTITUTE($J116,":",REPT(" ",40)),80,40)) | H116: =TRIM(MID(SUBSTITUTE($J116,":",REPT(" ",40)),120,40)) | I116: =TRIM(MID(SUBSTITUTE($J116,":",REPT(" ",40)),160,40)) | J116: 备用 Spare | M116: ¶ | N116: - | O116: =D116 -> =RI3-DO02 | P116: =A116 -> 12 | Q116: =C116 -> Q217.3 | R116: =E116&M116&F116&G116&M116&H116&I116 -> 备用 Spare¶¶
A117: 13 | B117: 29 | C117: Q217.4 | D117: =RI3-DO02 | E117: =TRIM(MID(SUBSTITUTE($J117,":",REPT(" ",40)),1,40)) -> 备用 Spare | F117: =TRIM(MID(SUBSTITUTE($J117,":",REPT(" ",40)),40,40)) | G117: =TRIM(MID(SUBSTITUTE($J117,":",REPT(" ",40)),80,40)) | H117: =TRIM(MID(SUBSTITUTE($J117,":",REPT(" ",40)),120,40)) | I117: =TRIM(MID(SUBSTITUTE($J117,":",REPT(" ",40)),160,40)) | J117: 备用 Spare | M117: ¶ | N117: - | O117: =D117 -> =RI3-DO02 | P117: =A117 -> 13 | Q117: =C117 -> Q217.4 | R117: =E117&M117&F117&G117&M117&H117&I117 -> 备用 Spare¶¶
A118: 14 | B118: 30 | C118: Q217.5 | D118: =RI3-DO02 | E118: =TRIM(MID(SUBSTITUTE($J118,":",REPT(" ",40)),1,40)) -> 备用 Spare | F118: =TRIM(MID(SUBSTITUTE($J118,":",REPT(" ",40)),40,40)) | G118: =TRIM(MID(SUBSTITUTE($J118,":",REPT(" ",40)),80,40)) | H118: =TRIM(MID(SUBSTITUTE($J118,":",REPT(" ",40)),120,40)) | I118: =TRIM(MID(SUBSTITUTE($J118,":",REPT(" ",40)),160,40)) | J118: 备用 Spare | M118: ¶ | N118: - | O118: =D118 -> =RI3-DO02 | P118: =A118 -> 14 | Q118: =C118 -> Q217.5 | R118: =E118&M118&F118&G118&M118&H118&I118 -> 备用 Spare¶¶
A119: 15 | B119: 31 | C119: Q217.6 | D119: =RI3-DO02 | E119: =TRIM(MID(SUBSTITUTE($J119,":",REPT(" ",40)),1,40)) -> 备用 Spare | F119: =TRIM(MID(SUBSTITUTE($J119,":",REPT(" ",40)),40,40)) | G119: =TRIM(MID(SUBSTITUTE($J119,":",REPT(" ",40)),80,40)) | H119: =TRIM(MID(SUBSTITUTE($J119,":",REPT(" ",40)),120,40)) | I119: =TRIM(MID(SUBSTITUTE($J119,":",REPT(" ",40)),160,40)) | J119: 备用 Spare | M119: ¶ | N119: - | O119: =D119 -> =RI3-DO02 | P119: =A119 -> 15 | Q119: =C119 -> Q217.6 | R119: =E119&M119&F119&G119&M119&H119&I119 -> 备用 Spare¶¶
A120: 16 | B120: 32 | C120: Q217.7 | D120: =RI3-DO02 | E120: =TRIM(MID(SUBSTITUTE($J120,":",REPT(" ",40)),1,40)) -> 备用 Spare | F120: =TRIM(MID(SUBSTITUTE($J120,":",REPT(" ",40)),40,40)) | G120: =TRIM(MID(SUBSTITUTE($J120,":",REPT(" ",40)),80,40)) | H120: =TRIM(MID(SUBSTITUTE($J120,":",REPT(" ",40)),120,40)) | I120: =TRIM(MID(SUBSTITUTE($J120,":",REPT(" ",40)),160,40)) | J120: 备用 Spare | M120: ¶ | N120: - | O120: =D120 -> =RI3-DO02 | P120: =A120 -> 16 | Q120: =C120 -> Q217.7 | R120: =E120&M120&F120&G120&M120&H120&I120 -> 备用 Spare¶¶

Sheet MCC7-8
B1: 序号 | C1: 地址 | D1: 符号表 | E1: 设备编号 | F1: 设备名称 | G1: 信号名称 | H1: 备注
B2: 1 | C2: PIW272 | D2: 4AI1 | E2: G0203_3 | F2: 粉碎机 | G2: 电流检测 | H2: 4-20MA
B3: 5 | C3: PIW274 | D3: 4AI1 | E3: G0207 | F3: 粉碎风机 | G3: 电流检测 | H3: 4-20MA
B4: 3 | C4: PIW276 | D4: 4AI1 | E4: 2M0113 | F4: 混合机 | G4: 电流检测 | H4: 4-20MA
B5: 7 | C5: PIW278 | D5: 4AI1 | E5: 2M0121 | F5: 提升机 | G5: 电流检测 | H5: 4-20MA
B6: 1 | C6: PIW280 | D6: 4AI2 | E6: HL0106 | F6: 提升机 | G6: 电流检测 | H6: 4-20MA
B7: 5 | C7: PIW282 | D7: 4AI2 | E7: HL0117 | F7: 混合机 | G7: 电流检测 | H7: 4-20MA
B8: 3 | C8: PIW284 | D8: 4AI2 | F8: 备用 | H8: 4-20MA
B9: 7 | C9: PIW286 | D9: 4AI2 | F9: 备用 | H9: 4-20MA
B10: 1 | C10: PIW288 | D10: 4AI3 | F10: 备用 | H10: 4-20MA
B11: 5 | C11: PIW290 | D11: 4AI3 | E11: G0303T1 | F11: 粉碎机 | G11: 测温1 | H11: 4-20MA
B12: 3 | C12: PIW292 | D12: 4AI3 | E12: G0303T2 | F12: 粉碎机 | G12: 测温2 | H12: 4-20MA
B13: 7 | C13: PIW294 | D13: 4AI3 | E13: G0303T3 | F13: 粉碎机 | G13: 测温3 | H13: 4-20MA
B19: 输入
B20: 序号 | C20: 地址 | D20: 符号表 | E20: 设备编号 | F20: 设备名称 | G20: 信号名称 | H20: 设备名称（英文） | I20: 信号名称（英文） | J20: 标签 | K20: 备注 | L20: 柜号
A21: 1 | B21: 1 | C21: I228.0 | D21: =RI4-DI01 | E21: =TRIM(MID(SUBSTITUTE($J21,":",REPT(" ",40)),1,40)) -> G0202 | F21: =TRIM(MID(SUBSTITUTE($J21,":",REPT(" ",40)),40,40)) -> 喂料器 | G21: =TRIM(MID(SUBSTITUTE($J21,":",REPT(" ",40)),80,40)) -> 运行 | H21: =TRIM(MID(SUBSTITUTE($J21,":",REPT(" ",40)),120,40)) -> Feeder | I21: =TRIM(MID(SUBSTITUTE($J21,":",REPT(" ",40)),160,40)) -> Running | J21: G0202:喂料器:运行:Feeder:Running | M21: ¶ | N21: - | O21: =D21 -> =RI4-DI01 | P21: =A21 -> 1 | Q21: =C21 -> I228.0 | R21: =E21&M21&F21&G21&M21&H21&I21 -> G0202¶喂料器运行¶FeederRunning
A22: 2 | B22: 2 | C22: I228.1 | D22: =RI4-DI01 | E22: =TRIM(MID(SUBSTITUTE($J22,":",REPT(" ",40)),1,40)) -> G0203_1 | F22: =TRIM(MID(SUBSTITUTE($J22,":",REPT(" ",40)),40,40)) -> 绞龙 | G22: =TRIM(MID(SUBSTITUTE($J22,":",REPT(" ",40)),80,40)) -> 正转到位 | H22: =TRIM(MID(SUBSTITUTE($J22,":",REPT(" ",40)),120,40)) -> Conveyor | I22: =TRIM(MID(SUBSTITUTE($J22,":",REPT(" ",40)),160,40)) -> FOR. Limit | J22: G0203_1:绞龙:正转到位:Conveyor:FOR. Limit | M22: ¶ | N22: - | O22: =D22 -> =RI4-DI01 | P22: =A22 -> 2 | Q22: =C22 -> I228.1 | R22: =E22&M22&F22&G22&M22&H22&I22 -> G0203_1¶绞龙正转到位¶ConveyorFOR. Limit
A23: 3 | B23: 3 | C23: I228.2 | D23: =RI4-DI01 | E23: =TRIM(MID(SUBSTITUTE($J23,":",REPT(" ",40)),1,40)) -> G0203_1 | F23: =TRIM(MID(SUBSTITUTE($J23,":",REPT(" ",40)),40,40)) -> 绞龙 | G23: =TRIM(MID(SUBSTITUTE($J23,":",REPT(" ",40)),80,40)) -> 反转到位 | H23: =TRIM(MID(SUBSTITUTE($J23,":",REPT(" ",40)),120,40)) -> Conveyor | I23: =TRIM(MID(SUBSTITUTE($J23,":",REPT(" ",40)),160,40)) -> REV.Limit | J23: G0203_1:绞龙:反转到位:Conveyor:REV.Limit | M23: ¶ | N23: - | O23: =D23 -> =RI4-DI01 | P23: =A23 -> 3 | Q23: =C23 -> I228.2 | R23: =E23&M23&F23&G23&M23&H23&I23 -> G0203_1¶绞龙反转到位¶ConveyorREV.Limit
A24: 4 | B24: 4 | C24: I228.3 | D24: =RI4-DI01 | E24: G0203-S2- | F24: 绞龙接近开关 | G24: 绞龙进中到位信号 | H24: 新增20231123 | I24: =TRIM(MID(SUBSTITUTE($J24,":",REPT(" ",40)),160,40)) -> FOR. Limit | J24: G0203_2:绞龙:正转到位:Conveyor:FOR. Limit | M24: ¶ | N24: - | O24: =D24 -> =RI4-DI01 | P24: =A24 -> 4 | Q24: =C24 -> I228.3 | R24: =#REF!&M24&#REF!&#REF!&M24&#REF!&I24 -> #REF!
A25: 5 | B25: 5 | C25: I228.4 | D25: =RI4-DI01 | E25: =TRIM(MID(SUBSTITUTE($J25,":",REPT(" ",40)),1,40)) -> G0203_2 | F25: =TRIM(MID(SUBSTITUTE($J25,":",REPT(" ",40)),40,40)) -> 绞龙 | G25: 运行 | H25: =TRIM(MID(SUBSTITUTE($J25,":",REPT(" ",40)),120,40)) -> Conveyor | I25: =TRIM(MID(SUBSTITUTE($J25,":",REPT(" ",40)),160,40)) -> REV.Limit | J25: G0203_2:绞龙:反转到位:Conveyor:REV.Limit | M25: ¶ | N25: - | O25: =D25 -> =RI4-DI01 | P25: =A25 -> 5 | Q25: =C25 -> I228.4 | R25: =E25&M25&F25&G25&M25&H25&I25 -> G0203_2¶绞龙运行¶ConveyorREV.Limit
A26: 6 | B26: 6 | C26: I228.5 | D26: =RI4-DI01 | E26: =TRIM(MID(SUBSTITUTE($J26,":",REPT(" ",40)),1,40)) -> G0203_3 | F26: =TRIM(MID(SUBSTITUTE($J26,":",REPT(" ",40)),40,40)) -> 粉碎机 | G26: =TRIM(MID(SUBSTITUTE($J26,":",REPT(" ",40)),80,40)) -> 合闸 | H26: =TRIM(MID(SUBSTITUTE($J26,":",REPT(" ",40)),120,40)) -> Grinder | I26: =TRIM(MID(SUBSTITUTE($J26,":",REPT(" ",40)),160,40)) -> Breaker ON | J26: G0203_3:粉碎机:合闸:Grinder:Breaker ON | M26: ¶ | N26: - | O26: =D26 -> =RI4-DI01 | P26: =A26 -> 6 | Q26: =C26 -> I228.5 | R26: =E26&M26&F26&G26&M26&H26&I26 -> G0203_3¶粉碎机合闸¶GrinderBreaker ON
A27: 7 | B27: 7 | C27: I228.6 | D27: =RI4-DI01 | E27: =TRIM(MID(SUBSTITUTE($J27,":",REPT(" ",40)),1,40)) -> G0203_3 | F27: =TRIM(MID(SUBSTITUTE($J27,":",REPT(" ",40)),40,40)) -> 粉碎机 | G27: =TRIM(MID(SUBSTITUTE($J27,":",REPT(" ",40)),80,40)) -> 运行 | H27: =TRIM(MID(SUBSTITUTE($J27,":",REPT(" ",40)),120,40)) -> Grinder | I27: =TRIM(MID(SUBSTITUTE($J27,":",REPT(" ",40)),160,40)) -> Running | J27: G0203_3:粉碎机:运行:Grinder:Running | M27: ¶ | N27: - | O27: =D27 -> =RI4-DI01 | P27: =A27 -> 7 | Q27: =C27 -> I228.6 | R27: =E27&M27&F27&G27&M27&H27&I27 -> G0203_3¶粉碎机运行¶GrinderRunning
A28: 8 | B28: 8 | C28: I228.7 | D28: =RI4-DI01 | E28: =TRIM(MID(SUBSTITUTE($J28,":",REPT(" ",40)),1,40)) -> G0203_3 | F28: =TRIM(MID(SUBSTITUTE($J28,":",REPT(" ",40)),40,40)) -> 粉碎机 | G28: =TRIM(MID(SUBSTITUTE($J28,":",REPT(" ",40)),80,40)) -> 急停 | H28: =TRIM(MID(SUBSTITUTE($J28,":",REPT(" ",40)),120,40)) -> Grinder | I28: =TRIM(MID(SUBSTITUTE($J28,":",REPT(" ",40)),160,40)) -> Estop | J28: G0203_3:粉碎机:急停:Grinder:Estop | M28: ¶ | N28: - | O28: =D28 -> =RI4-DI01 | P28: =A28 -> 8 | Q28: =C28 -> I228.7 | R28: =E28&M28&F28&G28&M28&H28&I28 -> G0203_3¶粉碎机急停¶GrinderEstop
A29: 9 | B29: 9 | C29: I229.0 | D29: =RI4-DI01 | E29: =TRIM(MID(SUBSTITUTE($J29,":",REPT(" ",40)),1,40)) -> G0203_3 | F29: =TRIM(MID(SUBSTITUTE($J29,":",REPT(" ",40)),40,40)) -> 粉碎机 | G29: =TRIM(MID(SUBSTITUTE($J29,":",REPT(" ",40)),80,40)) -> 门保 | H29: =TRIM(MID(SUBSTITUTE($J29,":",REPT(" ",40)),120,40)) -> Grinder | I29: =TRIM(MID(SUBSTITUTE($J29,":",REPT(" ",40)),160,40)) -> Door Protect | J29: G0203_3:粉碎机:门保:Grinder:Door Protect | M29: ¶ | N29: - | O29: =D29 -> =RI4-DI01 | P29: =A29 -> 9 | Q29: =C29 -> I229.0 | R29: =E29&M29&F29&G29&M29&H29&I29 -> G0203_3¶粉碎机门保¶GrinderDoor Protect
A30: 10 | B30: 10 | C30: I229.1 | D30: =RI4-DI01 | E30: =TRIM(MID(SUBSTITUTE($J30,":",REPT(" ",40)),1,40)) -> G0203_3V | F30: =TRIM(MID(SUBSTITUTE($J30,":",REPT(" ",40)),40,40)) -> 粉碎机导向阀 | G30: =TRIM(MID(SUBSTITUTE($J30,":",REPT(" ",40)),80,40)) -> 开门到位 | H30: =TRIM(MID(SUBSTITUTE($J30,":",REPT(" ",40)),120,40)) -> Grinder Valve | I30: =TRIM(MID(SUBSTITUTE($J30,":",REPT(" ",40)),160,40)) -> Openning | J30: G0203_3V:粉碎机导向阀:开门到位:Grinder Valve:Openning | M30: ¶ | N30: - | O30: =D30 -> =RI4-DI01 | P30: =A30 -> 10 | Q30: =C30 -> I229.1 | R30: =E30&M30&F30&G30&M30&H30&I30 -> G0203_3V¶粉碎机导向阀开门到位¶Grinder ValveOpenning
A31: 11 | B31: 11 | C31: I229.2 | D31: =RI4-DI01 | E31: =TRIM(MID(SUBSTITUTE($J31,":",REPT(" ",40)),1,40)) -> G0203_3V | F31: =TRIM(MID(SUBSTITUTE($J31,":",REPT(" ",40)),40,40)) -> 粉碎机导向阀 | G31: =TRIM(MID(SUBSTITUTE($J31,":",REPT(" ",40)),80,40)) -> 关门到位 | H31: =TRIM(MID(SUBSTITUTE($J31,":",REPT(" ",40)),120,40)) -> Grinder Valve | I31: =TRIM(MID(SUBSTITUTE($J31,":",REPT(" ",40)),160,40)) -> Closing | J31: G0203_3V:粉碎机导向阀:关门到位:Grinder Valve:Closing | M31: ¶ | N31: - | O31: =D31 -> =RI4-DI01 | P31: =A31 -> 11 | Q31: =C31 -> I229.2 | R31: =E31&M31&F31&G31&M31&H31&I31 -> G0203_3V¶粉碎机导向阀关门到位¶Grinder ValveClosing
A32: 12 | B32: 12 | C32: I229.3 | D32: =RI4-DI01 | E32: =TRIM(MID(SUBSTITUTE($J32,":",REPT(" ",40)),1,40)) -> G0203_3 | F32: =TRIM(MID(SUBSTITUTE($J32,":",REPT(" ",40)),40,40)) -> 粉碎机 | G32: =TRIM(MID(SUBSTITUTE($J32,":",REPT(" ",40)),80,40)) -> 软起故障 | H32: =TRIM(MID(SUBSTITUTE($J32,":",REPT(" ",40)),120,40)) -> Grinder | I32: =TRIM(MID(SUBSTITUTE($J32,":",REPT(" ",40)),160,40)) -> Softer Alarm | J32: G0203_3:粉碎机:软起故障:Grinder :Softer Alarm | M32: ¶ | N32: - | O32: =D32 -> =RI4-DI01 | P32: =A32 -> 12 | Q32: =C32 -> I229.3 | R32: =E32&M32&F32&G32&M32&H32&I32 -> G0203_3¶粉碎机软起故障¶GrinderSofter Alarm
A33: 13 | B33: 13 | C33: I229.4 | D33: =RI4-DI01 | E33: =TRIM(MID(SUBSTITUTE($J33,":",REPT(" ",40)),1,40)) -> G0205_1 | F33: =TRIM(MID(SUBSTITUTE($J33,":",REPT(" ",40)),40,40)) -> 除尘器 | G33: =TRIM(MID(SUBSTITUTE($J33,":",REPT(" ",40)),80,40)) -> 运行 | H33: =TRIM(MID(SUBSTITUTE($J33,":",REPT(" ",40)),120,40)) -> FILTER | I33: =TRIM(MID(SUBSTITUTE($J33,":",REPT(" ",40)),160,40)) -> Running | J33: G0205_1:除尘器:运行:FILTER:Running | M33: ¶ | N33: - | O33: =D33 -> =RI4-DI01 | P33: =A33 -> 13 | Q33: =C33 -> I229.4 | R33: =E33&M33&F33&G33&M33&H33&I33 -> G0205_1¶除尘器运行¶FILTERRunning
A34: 14 | B34: 14 | C34: I229.5 | D34: =RI4-DI01 | E34: =TRIM(MID(SUBSTITUTE($J34,":",REPT(" ",40)),1,40)) -> G0205_2 | F34: =TRIM(MID(SUBSTITUTE($J34,":",REPT(" ",40)),40,40)) -> 关风器 | G34: =TRIM(MID(SUBSTITUTE($J34,":",REPT(" ",40)),80,40)) -> 运行 | H34: =TRIM(MID(SUBSTITUTE($J34,":",REPT(" ",40)),120,40)) -> Airlock | I34: =TRIM(MID(SUBSTITUTE($J34,":",REPT(" ",40)),160,40)) -> Running | J34: G0205_2:关风器:运行:Airlock:Running | M34: ¶ | N34: - | O34: =D34 -> =RI4-DI01 | P34: =A34 -> 14 | Q34: =C34 -> I229.5 | R34: =E34&M34&F34&G34&M34&H34&I34 -> G0205_2¶关风器运行¶AirlockRunning
A35: 15 | B35: 15 | C35: I229.6 | D35: =RI4-DI01 | E35: =TRIM(MID(SUBSTITUTE($J35,":",REPT(" ",40)),1,40)) -> G0205_3 | F35: =TRIM(MID(SUBSTITUTE($J35,":",REPT(" ",40)),40,40)) -> 扫灰电机 | G35: =TRIM(MID(SUBSTITUTE($J35,":",REPT(" ",40)),80,40)) -> 运行 | H35: =TRIM(MID(SUBSTITUTE($J35,":",REPT(" ",40)),120,40)) -> Cleaning motor | I35: =TRIM(MID(SUBSTITUTE($J35,":",REPT(" ",40)),160,40)) -> Running | J35: G0205_3:扫灰电机:运行:Cleaning motor:Running | M35: ¶ | N35: - | O35: =D35 -> =RI4-DI01 | P35: =A35 -> 15 | Q35: =C35 -> I229.6 | R35: =E35&M35&F35&G35&M35&H35&I35 -> G0205_3¶扫灰电机运行¶Cleaning motorRunning
A36: 16 | B36: 16 | C36: I229.7 | D36: =RI4-DI01 | E36: =TRIM(MID(SUBSTITUTE($J36,":",REPT(" ",40)),1,40)) -> G0206 | F36: =TRIM(MID(SUBSTITUTE($J36,":",REPT(" ",40)),40,40)) -> 风门电机 | G36: =TRIM(MID(SUBSTITUTE($J36,":",REPT(" ",40)),80,40)) -> 正转到位 | H36: =TRIM(MID(SUBSTITUTE($J36,":",REPT(" ",40)),120,40)) -> Airdoor | I36: =TRIM(MID(SUBSTITUTE($J36,":",REPT(" ",40)),160,40)) -> FOR. Limit | J36: G0206:风门电机:正转到位:Airdoor:FOR. Limit | M36: ¶ | N36: - | O36: =D36 -> =RI4-DI01 | P36: =A36 -> 16 | Q36: =C36 -> I229.7 | R36: =E36&M36&F36&G36&M36&H36&I36 -> G0206¶风门电机正转到位¶AirdoorFOR. Limit
A37: 1 | B37: 17 | C37: I230.0 | D37: =RI4-DI02 | E37: =TRIM(MID(SUBSTITUTE($J37,":",REPT(" ",40)),1,40)) -> G0206 | F37: =TRIM(MID(SUBSTITUTE($J37,":",REPT(" ",40)),40,40)) -> 风门电机 | G37: =TRIM(MID(SUBSTITUTE($J37,":",REPT(" ",40)),80,40)) -> 中间到位 | H37: =TRIM(MID(SUBSTITUTE($J37,":",REPT(" ",40)),120,40)) -> Airdoor | I37: =TRIM(MID(SUBSTITUTE($J37,":",REPT(" ",40)),160,40)) -> MID. Limit | J37: G0206:风门电机:中间到位:Airdoor:MID. Limit | M37: ¶ | N37: - | O37: =D37 -> =RI4-DI02 | P37: =A37 -> 1 | Q37: =C37 -> I230.0 | R37: =E37&M37&F37&G37&M37&H37&I37 -> G0206¶风门电机中间到位¶AirdoorMID. Limit
... A41: 5 | B41: 21 | C41: I230.4 | D41: =RI4-DI02 | E41: =TRIM(MID(SUBSTITUTE($J41,":",REPT(" ",40)),1,40)) -> G0211 | F41: =TRIM(MID(SUBSTITUTE($J41,":",REPT(" ",40)),40,40)) -> 刮板机 | G41: =TRIM(MID(SUBSTITUTE($J41,":",REPT(" ",40)),80,40)) -> 急停 | H41: =TRIM(MID(SUBSTITUTE($J41,":",REPT(" ",40)),120,40)) -> Conveyor | I41: =TRIM(MID(SUBSTITUTE($J41,":",REPT(" ",40)),160,40)) -> Estop | J41: G0211:刮板机:急停:Conveyor:Estop | M41: ¶ | N41: - | O41: =D41 -> =RI4-DI02 | P41: =A41 -> 5 | Q41: =C41 -> I230.4 | R41: =E41&M41&F41&G41&M41&H41&I41 -> G0211¶刮板机急停¶ConveyorEstop
A42: 6 | B42: 22 | C42: I230.5 | D42: =RI4-DI02 | E42: =TRIM(MID(SUBSTITUTE($J42,":",REPT(" ",40)),1,40)) -> G0203-S1- | F42: 除铁门保 | G42: =TRIM(MID(SUBSTITUTE($J42,":",REPT(" ",40)),80,40)) -> 绞龙接近开关 | H42: =TRIM(MID(SUBSTITUTE($J42,":",REPT(" ",40)),120,40)) -> WORKING POSITION | I42: =TRIM(MID(SUBSTITUTE($J42,":",REPT(" ",40)),160,40)) -> WO | J42: G0203-S1-:绞龙接近开关:绞龙接近开关:WORKING POSITION:WORKING POSITION | M42: ¶ | N42: - | O42: =D42 -> =RI4-DI02 | P42: =A42 -> 6 | Q42: =C42 -> I230.5 | R42: =E42&M42&F42&G42&M42&H42&I42 -> G0203-S1-¶除铁门保绞龙接近开关¶WORKING POSITIONWO
A43: 7 | B43: 23 | C43: I230.6 | D43: =RI4-DI02 | E43: =TRIM(MID(SUBSTITUTE($J43,":",REPT(" ",40)),1,40)) -> G0203-S2- | F43: 风门门保 | G43: =TRIM(MID(SUBSTITUTE($J43,":",REPT(" ",40)),80,40)) -> 绞龙接近开关 | H43: =TRIM(MID(SUBSTITUTE($J43,":",REPT(" ",40)),120,40)) -> CONTROL ON AIR INL | I43: =TRIM(MID(SUBSTITUTE($J43,":",REPT(" ",40)),160,40)) -> ET | J43: G0203-S2-:绞龙接近开关:绞龙接近开关:CONTROL ON AIR INLET:CONTROL ON AIR INLET | M43: ¶ | N43: - | O43: =D43 -> =RI4-DI02 | P43: =A43 -> 7 | Q43: =C43 -> I230.6 | R43: =E43&M43&F43&G43&M43&H43&I43 -> G0203-S2-¶风门门保绞龙接近开关¶CONTROL ON AIR INLET
A44: 8 | B44: 24 | C44: I230.7 | D44: =RI4-DI02 | E44: =TRIM(MID(SUBSTITUTE($J44,":",REPT(" ",40)),1,40)) -> G0203-S3- | F44: =TRIM(MID(SUBSTITUTE($J44,":",REPT(" ",40)),40,40)) -> 喂料斗料位 | G44: =TRIM(MID(SUBSTITUTE($J44,":",REPT(" ",40)),80,40)) -> 喂料斗料位 | H44: =TRIM(MID(SUBSTITUTE($J44,":",REPT(" ",40)),120,40)) -> PRODUCT SENSOR 24VDC | I44: =TRIM(MID(SUBSTITUTE($J44,":",REPT(" ",40)),160,40)) | J44: G0203-S3-:喂料斗料位:喂料斗料位:PRODUCT SENSOR 24VDC:PRODUCT SENSOR 24VDC | M44: ¶ | N44: - | O44: =D44 -> =RI4-DI02 | P44: =A44 -> 8 | Q44: =C44 -> I230.7 | R44: =E44&M44&F44&G44&M44&H44&I44 -> G0203-S3-¶喂料斗料位喂料斗料位¶PRODUCT SENSOR 24VDC
A45: 9 | B45: 25 | C45: I231.0 | D45: =RI4-DI02 | E45: =TRIM(MID(SUBSTITUTE($J45,":",REPT(" ",40)),1,40)) -> G0203-S4- | F45: =TRIM(MID(SUBSTITUTE($J45,":",REPT(" ",40)),40,40)) -> 备用 | G45: =TRIM(MID(SUBSTITUTE($J45,":",REPT(" ",40)),80,40)) -> 备用 | H45: =TRIM(MID(SUBSTITUTE($J45,":",REPT(" ",40)),120,40)) -> SPARE | I45: =TRIM(MID(SUBSTITUTE($J45,":",REPT(" ",40)),160,40)) -> SPARE | J45: G0203-S4-:备用:备用:SPARE:SPARE | M45: ¶ | N45: - | O45: =D45 -> =RI4-DI02 | P45: =A45 -> 9 | Q45: =C45 -> I231.0 | R45: =E45&M45&F45&G45&M45&H45&I45 -> G0203-S4-¶备用备用¶SPARESPARE
A46: 10 | B46: 26 | C46: I231.1 | D46: =RI4-DI02 | E46: =TRIM(MID(SUBSTITUTE($J46,":",REPT(" ",40)),1,40)) -> 2M0101 | F46: =TRIM(MID(SUBSTITUTE($J46,":",REPT(" ",40)),40,40)) -> 刮板机 | G46: =TRIM(MID(SUBSTITUTE($J46,":",REPT(" ",40)),80,40)) -> 运行 | H46: =TRIM(MID(SUBSTITUTE($J46,":",REPT(" ",40)),120,40)) -> Conveyor | I46: =TRIM(MID(SUBSTITUTE($J46,":",REPT(" ",40)),160,40)) -> Running | J46: 2M0101:刮板机:运行:Conveyor:Running | M46: ¶ | N46: - | O46: =D46 -> =RI4-DI02 | P46: =A46 -> 10 | Q46: =C46 -> I231.1 | R46: =E46&M46&F46&G46&M46&H46&I46 -> 2M0101¶刮板机运行¶ConveyorRunning
A47: 11 | B47: 27 | C47: I231.2 | D47: =RI4-DI02 | E47: =TRIM(MID(SUBSTITUTE($J47,":",REPT(" ",40)),1,40)) -> 2M0101 | F47: =TRIM(MID(SUBSTITUTE($J47,":",REPT(" ",40)),40,40)) -> 刮板机 | G47: =TRIM(MID(SUBSTITUTE($J47,":",REPT(" ",40)),80,40)) -> 急停 | H47: =TRIM(MID(SUBSTITUTE($J47,":",REPT(" ",40)),120,40)) -> Conveyor | I47: =TRIM(MID(SUBSTITUTE($J47,":",REPT(" ",40)),160,40)) -> Estop | J47: 2M0101:刮板机:急停:Conveyor:Estop | M47: ¶ | N47: - | O47: =D47 -> =RI4-DI02 | P47: =A47 -> 11 | Q47: =C47 -> I231.2 | R47: =E47&M47&F47&G47&M47&H47&I47 -> 2M0101¶刮板机急停¶ConveyorEstop
A48: 12 | B48: 28 | C48: I231.3 | D48: =RI4-DI02 | E48: =TRIM(MID(SUBSTITUTE($J48,":",REPT(" ",40)),1,40)) -> 2M0107 | F48: =TRIM(MID(SUBSTITUTE($J48,":",REPT(" ",40)),40,40)) -> 风机 | G48: =TRIM(MID(SUBSTITUTE($J48,":",REPT(" ",40)),80,40)) -> 运行 | H48: =TRIM(MID(SUBSTITUTE($J48,":",REPT(" ",40)),120,40)) -> Fan | I48: =TRIM(MID(SUBSTITUTE($J48,":",REPT(" ",40)),160,40)) -> Running | J48: 2M0107:风机:运行:Fan:Running | M48: ¶ | N48: - | O48: =D48 -> =RI4-DI02 | P48: =A48 -> 12 | Q48: =C48 -> I231.3 | R48: =E48&M48&F48&G48&M48&H48&I48 -> 2M0107¶风机运行¶FanRunning
A49: 13 | B49: 29 | C49: I231.4 | D49: =RI4-DI02 | E49: =TRIM(MID(SUBSTITUTE($J49,":",REPT(" ",40)),1,40)) -> 2M0113 | F49: =TRIM(MID(SUBSTITUTE($J49,":",REPT(" ",40)),40,40)) -> 混合机 | G49: =TRIM(MID(SUBSTITUTE($J49,":",REPT(" ",40)),80,40)) -> 运行 | H49: =TRIM(MID(SUBSTITUTE($J49,":",REPT(" ",40)),120,40)) -> Mixer | I49: =TRIM(MID(SUBSTITUTE($J49,":",REPT(" ",40)),160,40)) -> Running | J49: 2M0113:混合机:运行:Mixer:Running | M49: ¶ | N49: - | O49: =D49 -> =RI4-DI02 | P49: =A49 -> 13 | Q49: =C49 -> I231.4 | R49: =E49&M49&F49&G49&M49&H49&I49 -> 2M0113¶混合机运行¶MixerRunning
A50: 14 | B50: 30 | C50: I231.5 | D50: =RI4-DI02 | E50: =TRIM(MID(SUBSTITUTE($J50,":",REPT(" ",40)),1,40)) -> 2M0113 | F50: =TRIM(MID(SUBSTITUTE($J50,":",REPT(" ",40)),40,40)) -> 混合机 | G50: =TRIM(MID(SUBSTITUTE($J50,":",REPT(" ",40)),80,40)) -> 负荷急停 | H50: =TRIM(MID(SUBSTITUTE($J50,":",REPT(" ",40)),120,40)) -> Mixer | I50: =TRIM(MID(SUBSTITUTE($J50,":",REPT(" ",40)),160,40)) -> Isolate/Estop | J50: 2M0113:混合机:负荷急停:Mixer:Isolate/Estop | M50: ¶ | N50: - | O50: =D50 -> =RI4-DI02 | P50: =A50 -> 14 | Q50: =C50 -> I231.5 | R50: =E50&M50&F50&G50&M50&H50&I50 -> 2M0113¶混合机负荷急停¶MixerIsolate/Estop
A51: 15 | B51: 31 | C51: I231.6 | D51: =RI4-DI02 | E51: =TRIM(MID(SUBSTITUTE($J51,":",REPT(" ",40)),1,40)) -> 2M0113V1 | F51: =TRIM(MID(SUBSTITUTE($J51,":",REPT(" ",40)),40,40)) -> 混合机门 | G51: =TRIM(MID(SUBSTITUTE($J51,":",REPT(" ",40)),80,40)) -> 开门到位 | H51: =TRIM(MID(SUBSTITUTE($J51,":",REPT(" ",40)),120,40)) -> Mixer Gate | I51: =TRIM(MID(SUBSTITUTE($J51,":",REPT(" ",40)),160,40)) -> Openning | J51: 2M0113V1:混合机门:开门到位:Mixer Gate:Openning | M51: ¶ | N51: - | O51: =D51 -> =RI4-DI02 | P51: =A51 -> 15 | Q51: =C51 -> I231.6 | R51: =E51&M51&F51&G51&M51&H51&I51 -> 2M0113V1¶混合机门开门到位¶Mixer GateOpenning
A52: 16 | B52: 32 | C52: I231.7 | D52: =RI4-DI02 | E52: =TRIM(MID(SUBSTITUTE($J52,":",REPT(" ",40)),1,40)) -> 2M0113V1 | F52: =TRIM(MID(SUBSTITUTE($J52,":",REPT(" ",40)),40,40)) -> 混合机门 | G52: =TRIM(MID(SUBSTITUTE($J52,":",REPT(" ",40)),80,40)) -> 关门到位 | H52: =TRIM(MID(SUBSTITUTE($J52,":",REPT(" ",40)),120,40)) -> Mixer Gate | I52: =TRIM(MID(SUBSTITUTE($J52,":",REPT(" ",40)),160,40)) -> Closing | J52: 2M0113V1:混合机门:关门到位:Mixer Gate:Closing | M52: ¶ | N52: - | O52: =D52 -> =RI4-DI02 | P52: =A52 -> 16 | Q52: =C52 -> I231.7 | R52: =E52&M52&F52&G52&M52&H52&I52 -> 2M0113V1¶混合机门关门到位¶Mixer GateClosing
A53: 1 | B53: 33 | C53: I232.0 | D53: =RI4-DI03 | E53: =TRIM(MID(SUBSTITUTE($J53,":",REPT(" ",40)),1,40)) -> 2M0113 | F53: =TRIM(MID(SUBSTITUTE($J53,":",REPT(" ",40)),40,40)) -> 混合机 | G53: =TRIM(MID(SUBSTITUTE($J53,":",REPT(" ",40)),80,40)) -> 门保 | H53: =TRIM(MID(SUBSTITUTE($J53,":",REPT(" ",40)),120,40)) -> Mixer | I53: =TRIM(MID(SUBSTITUTE($J53,":",REPT(" ",40)),160,40)) -> Door Protect | J53: 2M0113:混合机:门保:Mixer:Door Protect | M53: ¶ | N53: - | O53: =D53 -> =RI4-DI03 | P53: =A53 -> 1 | Q53: =C53 -> I232.0 | R53: =E53&M53&F53&G53&M53&H53&I53 -> 2M0113¶混合机门保¶MixerDoor Protect
A54: 2 | B54: 34 | C54: I232.1 | D54: =RI4-DI03 | E54: =TRIM(MID(SUBSTITUTE($J54,":",REPT(" ",40)),1,40)) -> 2M0116 | F54: =TRIM(MID(SUBSTITUTE($J54,":",REPT(" ",40)),40,40)) -> 刮板机 | G54: =TRIM(MID(SUBSTITUTE($J54,":",REPT(" ",40)),80,40)) -> 运行 | H54: =TRIM(MID(SUBSTITUTE($J54,":",REPT(" ",40)),120,40)) -> Conveyor | I54: =TRIM(MID(SUBSTITUTE($J54,":",REPT(" ",40)),160,40)) -> Running | J54: 2M0116:刮板机:运行:Conveyor:Running | M54: ¶ | N54: - | O54: =D54 -> =RI4-DI03 | P54: =A54 -> 2 | Q54: =C54 -> I232.1 | R54: =E54&M54&F54&G54&M54&H54&I54 -> 2M0116¶刮板机运行¶ConveyorRunning
A55: 3 | B55: 35 | C55: I232.2 | D55: =RI4-DI03 | E55: =TRIM(MID(SUBSTITUTE($J55,":",REPT(" ",40)),1,40)) -> 2M0116 | F55: =TRIM(MID(SUBSTITUTE($J55,":",REPT(" ",40)),40,40)) -> 刮板机 | G55: =TRIM(MID(SUBSTITUTE($J55,":",REPT(" ",40)),80,40)) -> 急停 | H55: =TRIM(MID(SUBSTITUTE($J55,":",REPT(" ",40)),120,40)) -> Conveyor | I55: =TRIM(MID(SUBSTITUTE($J55,":",REPT(" ",40)),160,40)) -> Estop | J55: 2M0116:刮板机:急停:Conveyor:Estop | M55: ¶ | N55: - | O55: =D55 -> =RI4-DI03 | P55: =A55 -> 3 | Q55: =C55 -> I232.2 | R55: =E55&M55&F55&G55&M55&H55&I55 -> 2M0116¶刮板机急停¶ConveyorEstop
... A79: 11 | B79: 59 | C79: I235.2 | D79: =RI4-DI04 | E79: =TRIM(MID(SUBSTITUTE($J79,":",REPT(" ",40)),1,40)) -> HL0121 | F79: =TRIM(MID(SUBSTITUTE($J79,":",REPT(" ",40)),40,40)) -> 绞龙(功率待定) | G79: =TRIM(MID(SUBSTITUTE($J79,":",REPT(" ",40)),80,40)) -> 急停 | H79: =TRIM(MID(SUBSTITUTE($J79,":",REPT(" ",40)),120,40)) -> Conveyor | I79: =TRIM(MID(SUBSTITUTE($J79,":",REPT(" ",40)),160,40)) -> Estop | J79: HL0121:绞龙(功率待定):急停:Conveyor:Estop | M79: ¶ | N79: - | O79: =D79 -> =RI4-DI04 | P79: =A79 -> 11 | Q79: =C79 -> I235.2 | R79: =E79&M79&F79&G79&M79&H79&I79 -> HL0121¶绞龙(功率待定)急停¶ConveyorEstop
A80: 12 | B80: 60 | C80: I235.3 | D80: =RI4-DI04 | E80: G0203_3 | F80: 粉碎机换筛网阀1 | G80: 关门信号 | H80: 新增20231123 | I80: =TRIM(MID(SUBSTITUTE($J80,":",REPT(" ",40)),160,40)) | J80: 备用 Spare | M80: ¶ | N80: - | O80: =D80 -> =RI4-DI04 | P80: =A80 -> 12 | Q80: =C80 -> I235.3 | R80: =#REF!&M80&#REF!&#REF!&M80&#REF!&I80 -> #REF!
A81: 13 | B81: 61 | C81: I235.4 | D81: =RI4-DI04 | E81: G0203_3 | F81: 粉碎机换筛网阀2 | G81: 关门信号 | H81: 新增20231123 | I81: =TRIM(MID(SUBSTITUTE($J81,":",REPT(" ",40)),160,40)) | J81: 备用 Spare | M81: ¶ | N81: - | O81: =D81 -> =RI4-DI04 | P81: =A81 -> 13 | Q81: =C81 -> I235.4 | R81: =#REF!&M81&#REF!&#REF!&M81&#REF!&I81 -> #REF!
A82: 14 | B82: 62 | C82: I235.5 | F82: 喷涂仓三通左通 | G82: 左通 | I82: =TRIM(MID(SUBSTITUTE($J82,":",REPT(" ",40)),160,40)) | M82: ¶ | N82: - | O82: =D82 -> 0 | P82: =A82 -> 14 | Q82: =C82 -> I235.5 | R82: =#REF!&M82&#REF!&#REF!&M82&#REF!&I82 -> #REF!
A83: 15 | B83: 63 | C83: I235.6 | F83: 喷涂仓三通右通 | G83: 右通 | I83: =TRIM(MID(SUBSTITUTE($J83,":",REPT(" ",40)),160,40)) | M83: ¶ | N83: - | O83: =D83 -> 0 | P83: =A83 -> 15 | Q83: =C83 -> I235.6 | R83: =#REF!&M83&#REF!&#REF!&M83&#REF!&I83 -> #REF!
A84: 16 | B84: 64 | C84: I235.7 | D84: =RI4-DI04 | I84: =TRIM(MID(SUBSTITUTE($J84,":",REPT(" ",40)),160,40)) | J84: 备用 Spare | M84: ¶ | N84: - | O84: =D84 -> =RI4-DI04 | P84: =A84 -> 16 | Q84: =C84 -> I235.7 | R84: =E24&M84&F24&G24&M84&H24&I84 -> G0203-S2-¶绞龙接近开关绞龙进中到位信号¶新增20231123
B88: 序号 | C88: 地址 | D88: 符号表 | E88: 编号 | F88: 设备名称 | G88: 信号名称 | H88: 设备名称（英文） | I88: 信号名称（英文） | J88: 设备名称 | K88: 备注 | L88: 柜号
A89: 1 | B89: 1 | C89: Q220.0 | D89: =RI4-DO01 | E89: =TRIM(MID(SUBSTITUTE($J89,":",REPT(" ",40)),1,40)) -> G0203_1 | F89: =TRIM(MID(SUBSTITUTE($J89,":",REPT(" ",40)),40,40)) -> 绞龙 | G89: =TRIM(MID(SUBSTITUTE($J89,":",REPT(" ",40)),80,40)) -> 正转 | H89: =TRIM(MID(SUBSTITUTE($J89,":",REPT(" ",40)),120,40)) -> Conveyor | I89: =TRIM(MID(SUBSTITUTE($J89,":",REPT(" ",40)),160,40)) -> FOR. | J89: G0203_1:绞龙:正转:Conveyor:FOR. | M89: ¶ | N89: - | O89: =D89 -> =RI4-DO01 | P89: =A89 -> 1 | Q89: =C89 -> Q220.0 | R89: =E89&M89&F89&G89&M89&H89&I89 -> G0203_1¶绞龙正转¶ConveyorFOR.
A90: 2 | B90: 2 | C90: Q220.1 | D90: =RI4-DO01 | E90: =TRIM(MID(SUBSTITUTE($J90,":",REPT(" ",40)),1,40)) -> G0203_1 | F90: =TRIM(MID(SUBSTITUTE($J90,":",REPT(" ",40)),40,40)) -> 绞龙 | G90: =TRIM(MID(SUBSTITUTE($J90,":",REPT(" ",40)),80,40)) -> 反转 | H90: =TRIM(MID(SUBSTITUTE($J90,":",REPT(" ",40)),120,40)) -> Conveyor | I90: =TRIM(MID(SUBSTITUTE($J90,":",REPT(" ",40)),160,40)) -> REV. | J90: G0203_1:绞龙:反转:Conveyor:REV. | M90: ¶ | N90: - | O90: =D90 -> =RI4-DO01 | P90: =A90 -> 2 | Q90: =C90 -> Q220.1 | R90: =E90&M90&F90&G90&M90&H90&I90 -> G0203_1¶绞龙反转¶ConveyorREV.
A91: 3 | B91: 3 | C91: Q220.2 | D91: =RI4-DO01 | E91: =TRIM(MID(SUBSTITUTE($J91,":",REPT(" ",40)),1,40)) -> G0203_2 | F91: =TRIM(MID(SUBSTITUTE($J91,":",REPT(" ",40)),40,40)) -> 绞龙 | G91: =TRIM(MID(SUBSTITUTE($J91,":",REPT(" ",40)),80,40)) -> 正转 | H91: =TRIM(MID(SUBSTITUTE($J91,":",REPT(" ",40)),120,40)) -> Conveyor | I91: =TRIM(MID(SUBSTITUTE($J91,":",REPT(" ",40)),160,40)) -> FOR. | J91: G0203_2:绞龙:正转:Conveyor:FOR. | M91: ¶ | N91: - | O91: =D91 -> =RI4-DO01 | P91: =A91 -> 3 | Q91: =C91 -> Q220.2 | R91: =E91&M91&F91&G91&M91&H91&I91 -> G0203_2¶绞龙正转¶ConveyorFOR.
A92: 4 | B92: 4 | C92: Q220.3 | D92: =RI4-DO01 | E92: G0203_3V | F92: 粉碎机导向阀 | G92: 启动 | H92: =TRIM(MID(SUBSTITUTE($J92,":",REPT(" ",40)),120,40)) -> Conveyor | I92: =TRIM(MID(SUBSTITUTE($J92,":",REPT(" ",40)),160,40)) -> REV. | J92: G0203_2:绞龙:反转:Conveyor:REV. | M92: ¶ | N92: - | O92: =D92 -> =RI4-DO01 | P92: =A92 -> 4 | Q92: =C92 -> Q220.3 | R92: =E92&M92&F92&G92&M92&H92&I92 -> G0203_3V¶粉碎机导向阀启动¶ConveyorREV.
A93: 5 | B93: 5 | C93: Q220.4 | D93: =RI4-DO01 | E93: =TRIM(MID(SUBSTITUTE($J93,":",REPT(" ",40)),1,40)) -> G0203_3 | F93: =TRIM(MID(SUBSTITUTE($J93,":",REPT(" ",40)),40,40)) -> 粉碎机 | G93: =TRIM(MID(SUBSTITUTE($J93,":",REPT(" ",40)),80,40)) -> 启动 | H93: =TRIM(MID(SUBSTITUTE($J93,":",REPT(" ",40)),120,40)) -> Grinder | I93: =TRIM(MID(SUBSTITUTE($J93,":",REPT(" ",40)),160,40)) -> Start | J93: G0203_3:粉碎机:启动:Grinder:Start | M93: ¶ | N93: - | O93: =D93 -> =RI4-DO01 | P93: =A93 -> 5 | Q93: =C93 -> Q220.4 | R93: =E93&M93&F93&G93&M93&H93&I93 -> G0203_3¶粉碎机启动¶GrinderStart
A94: 6 | B94: 6 | C94: Q220.5 | D94: =RI4-DO01 | E94: =TRIM(MID(SUBSTITUTE($J94,":",REPT(" ",40)),1,40)) -> G0203_3V | F94: =TRIM(MID(SUBSTITUTE($J94,":",REPT(" ",40)),40,40)) -> 粉碎机导向阀 | G94: =TRIM(MID(SUBSTITUTE($J94,":",REPT(" ",40)),80,40)) -> 反转 | H94: =TRIM(MID(SUBSTITUTE($J94,":",REPT(" ",40)),120,40)) -> Grinder Valve | I94: =TRIM(MID(SUBSTITUTE($J94,":",REPT(" ",40)),160,40)) -> REV. | J94: G0203_3V:粉碎机导向阀:反转:Grinder Valve:REV. | M94: ¶ | N94: - | O94: =D94 -> =RI4-DO01 | P94: =A94 -> 6 | Q94: =C94 -> Q220.5 | R94: =E94&M94&F94&G94&M94&H94&I94 -> G0203_3V¶粉碎机导向阀反转¶Grinder ValveREV.
A95: 7 | B95: 7 | C95: Q220.6 | D95: =RI4-DO01 | E95: =TRIM(MID(SUBSTITUTE($J95,":",REPT(" ",40)),1,40)) -> G0205_1 | F95: =TRIM(MID(SUBSTITUTE($J95,":",REPT(" ",40)),40,40)) -> 除尘器 | G95: =TRIM(MID(SUBSTITUTE($J95,":",REPT(" ",40)),80,40)) -> 启动 | H95: =TRIM(MID(SUBSTITUTE($J95,":",REPT(" ",40)),120,40)) -> FILTER | I95: =TRIM(MID(SUBSTITUTE($J95,":",REPT(" ",40)),160,40)) -> Start | J95: G0205_1:除尘器:启动:FILTER:Start | M95: ¶ | N95: - | O95: =D95 -> =RI4-DO01 | P95: =A95 -> 7 | Q95: =C95 -> Q220.6 | R95: =E95&M95&F95&G95&M95&H95&I95 -> G0205_1¶除尘器启动¶FILTERStart
A96: 8 | B96: 8 | C96: Q220.7 | D96: =RI4-DO01 | E96: =TRIM(MID(SUBSTITUTE($J96,":",REPT(" ",40)),1,40)) -> G0205_2 | F96: =TRIM(MID(SUBSTITUTE($J96,":",REPT(" ",40)),40,40)) -> 关风器 | G96: =TRIM(MID(SUBSTITUTE($J96,":",REPT(" ",40)),80,40)) -> 启动 | H96: =TRIM(MID(SUBSTITUTE($J96,":",REPT(" ",40)),120,40)) -> Airlock | I96: =TRIM(MID(SUBSTITUTE($J96,":",REPT(" ",40)),160,40)) -> Start | J96: G0205_2:关风器:启动:Airlock:Start | M96: ¶ | N96: - | O96: =D96 -> =RI4-DO01 | P96: =A96 -> 8 | Q96: =C96 -> Q220.7 | R96: =E96&M96&F96&G96&M96&H96&I96 -> G0205_2¶关风器启动¶AirlockStart
A97: 9 | B97: 9 | C97: Q221.0 | D97: =RI4-DO01 | E97: =TRIM(MID(SUBSTITUTE($J97,":",REPT(" ",40)),1,40)) -> G0205_3 | F97: =TRIM(MID(SUBSTITUTE($J97,":",REPT(" ",40)),40,40)) -> 扫灰电机 | G97: =TRIM(MID(SUBSTITUTE($J97,":",REPT(" ",40)),80,40)) -> 启动 | H97: =TRIM(MID(SUBSTITUTE($J97,":",REPT(" ",40)),120,40)) -> Cleaning motor | I97: =TRIM(MID(SUBSTITUTE($J97,":",REPT(" ",40)),160,40)) -> Start | J97: G0205_3:扫灰电机:启动:Cleaning motor:Start | M97: ¶ | N97: - | O97: =D97 -> =RI4-DO01 | P97: =A97 -> 9 | Q97: =C97 -> Q221.0 | R97: =E97&M97&F97&G97&M97&H97&I97 -> G0205_3¶扫灰电机启动¶Cleaning motorStart
A98: 10 | B98: 10 | C98: Q221.1 | D98: =RI4-DO01 | E98: =TRIM(MID(SUBSTITUTE($J98,":",REPT(" ",40)),1,40)) -> G0206 | F98: =TRIM(MID(SUBSTITUTE($J98,":",REPT(" ",40)),40,40)) -> 风门电机 | G98: =TRIM(MID(SUBSTITUTE($J98,":",REPT(" ",40)),80,40)) -> 正转 | H98: =TRIM(MID(SUBSTITUTE($J98,":",REPT(" ",40)),120,40)) -> Airdoor | I98: =TRIM(MID(SUBSTITUTE($J98,":",REPT(" ",40)),160,40)) -> FOR. | J98: G0206:风门电机:正转:Airdoor:FOR. | M98: ¶ | N98: - | O98: =D98 -> =RI4-DO01 | P98: =A98 -> 10 | Q98: =C98 -> Q221.1 | R98: =E98&M98&F98&G98&M98&H98&I98 -> G0206¶风门电机正转¶AirdoorFOR.
A99: 11 | B99: 11 | C99: Q221.2 | D99: =RI4-DO01 | E99: =TRIM(MID(SUBSTITUTE($J99,":",REPT(" ",40)),1,40)) -> G0206 | F99: =TRIM(MID(SUBSTITUTE($J99,":",REPT(" ",40)),40,40)) -> 风门电机 | G99: =TRIM(MID(SUBSTITUTE($J99,":",REPT(" ",40)),80,40)) -> 反转 | H99: =TRIM(MID(SUBSTITUTE($J99,":",REPT(" ",40)),120,40)) -> Airdoor | I99: =TRIM(MID(SUBSTITUTE($J99,":",REPT(" ",40)),160,40)) -> REV. | J99: G0206:风门电机:反转:Airdoor:REV. | M99: ¶ | N99: - | O99: =D99 -> =RI4-DO01 | P99: =A99 -> 11 | Q99: =C99 -> Q221.2 | R99: =E99&M99&F99&G99&M99&H99&I99 -> G0206¶风门电机反转¶AirdoorREV.
A100: 12 | B100: 12 | C100: Q221.3 | D100: =RI4-DO01 | E100: =TRIM(MID(SUBSTITUTE($J100,":",REPT(" ",40)),1,40)) -> G0207 | F100: =TRIM(MID(SUBSTITUTE($J100,":",REPT(" ",40)),40,40)) -> 风机 | G100: =TRIM(MID(SUBSTITUTE($J100,":",REPT(" ",40)),80,40)) -> 启动 | H100: =TRIM(MID(SUBSTITUTE($J100,":",REPT(" ",40)),120,40)) -> Fan | I100: =TRIM(MID(SUBSTITUTE($J100,":",REPT(" ",40)),160,40)) -> Start | J100: G0207:风机:启动:Fan:Start | M100: ¶ | N100: - | O100: =D100 -> =RI4-DO01 | P100: =A100 -> 12 | Q100: =C100 -> Q221.3 | R100: =E100&M100&F100&G100&M100&H100&I100 -> G0207¶风机启动¶FanStart
A101: 13 | B101: 13 | C101: Q221.4 | D101: =RI4-DO01 | E101: =TRIM(MID(SUBSTITUTE($J101,":",REPT(" ",40)),1,40)) -> G0211 | F101: =TRIM(MID(SUBSTITUTE($J101,":",REPT(" ",40)),40,40)) -> 刮板机 | G101: =TRIM(MID(SUBSTITUTE($J101,":",REPT(" ",40)),80,40)) -> 启动 | H101: =TRIM(MID(SUBSTITUTE($J101,":",REPT(" ",40)),120,40)) -> Conveyor | I101: =TRIM(MID(SUBSTITUTE($J101,":",REPT(" ",40)),160,40)) -> Start | J101: G0211:刮板机:启动:Conveyor:Start | M101: ¶ | N101: - | O101: =D101 -> =RI4-DO01 | P101: =A101 -> 13 | Q101: =C101 -> Q221.4 | R101: =E101&M101&F101&G101&M101&H101&I101 -> G0211¶刮板机启动¶ConveyorStart
A102: 14 | B102: 14 | C102: Q221.5 | D102: =RI4-DO01 | E102: =TRIM(MID(SUBSTITUTE($J102,":",REPT(" ",40)),1,40)) -> 2M0101 | F102: =TRIM(MID(SUBSTITUTE($J102,":",REPT(" ",40)),40,40)) -> 刮板机 | G102: =TRIM(MID(SUBSTITUTE($J102,":",REPT(" ",40)),80,40)) -> 启动 | H102: =TRIM(MID(SUBSTITUTE($J102,":",REPT(" ",40)),120,40)) -> Conveyor | I102: =TRIM(MID(SUBSTITUTE($J102,":",REPT(" ",40)),160,40)) -> Start | J102: 2M0101:刮板机:启动:Conveyor:Start | M102: ¶ | N102: - | O102: =D102 -> =RI4-DO01 | P102: =A102 -> 14 | Q102: =C102 -> Q221.5 | R102: =E102&M102&F102&G102&M102&H102&I102 -> 2M0101¶刮板机启动¶ConveyorStart
A103: 15 | B103: 15 | C103: Q221.6 | D103: =RI4-DO01 | E103: =TRIM(MID(SUBSTITUTE($J103,":",REPT(" ",40)),1,40)) -> 2M0107 | F103: =TRIM(MID(SUBSTITUTE($J103,":",REPT(" ",40)),40,40)) -> 风机 | G103: =TRIM(MID(SUBSTITUTE($J103,":",REPT(" ",40)),80,40)) -> 启动 | H103: =TRIM(MID(SUBSTITUTE($J103,":",REPT(" ",40)),120,40)) -> Fan | I103: =TRIM(MID(SUBSTITUTE($J103,":",REPT(" ",40)),160,40)) -> Start | J103: 2M0107:风机:启动:Fan:Start | M103: ¶ | N103: - | O103: =D103 -> =RI4-DO01 | P103: =A103 -> 15 | Q103: =C103 -> Q221.6 | R103: =E103&M103&F103&G103&M103&H103&I103 -> 2M0107¶风机启动¶FanStart
A104: 16 | B104: 16 | C104: Q221.7 | D104: =RI4-DO01 | E104: =TRIM(MID(SUBSTITUTE($J104,":",REPT(" ",40)),1,40)) -> 2M0113 | F104: =TRIM(MID(SUBSTITUTE($J104,":",REPT(" ",40)),40,40)) -> 混合机 | G104: =TRIM(MID(SUBSTITUTE($J104,":",REPT(" ",40)),80,40)) -> 启动 | H104: =TRIM(MID(SUBSTITUTE($J104,":",REPT(" ",40)),120,40)) -> Mixer | I104: =TRIM(MID(SUBSTITUTE($J104,":",REPT(" ",40)),160,40)) -> Start | J104: 2M0113:混合机:启动:Mixer:Start | M104: ¶ | N104: - | O104: =D104 -> =RI4-DO01 | P104: =A104 -> 16 | Q104: =C104 -> Q221.7 | R104: =E104&M104&F104&G104&M104&H104&I104 -> 2M0113¶混合机启动¶MixerStart
... A120: 16 | B120: 32 | C120: Q223.7 | D120: =RI4-DO02 | E120: =TRIM(MID(SUBSTITUTE($J120,":",REPT(" ",40)),1,40)) -> HL0121 | F120: =TRIM(MID(SUBSTITUTE($J120,":",REPT(" ",40)),40,40)) -> 绞龙(功率待定) | G120: =TRIM(MID(SUBSTITUTE($J120,":",REPT(" ",40)),80,40)) -> 启动 | H120: =TRIM(MID(SUBSTITUTE($J120,":",REPT(" ",40)),120,40)) -> Conveyor | I120: =TRIM(MID(SUBSTITUTE($J120,":",REPT(" ",40)),160,40)) -> Start | J120: HL0121:绞龙(功率待定):启动:Conveyor:Start | M120: ¶ | N120: - | O120: =D120 -> =RI4-DO02 | P120: =A120 -> 16 | Q120: =C120 -> Q223.7 | R120: =E120&M120&F120&G120&M120&H120&I120 -> HL0121¶绞龙(功率待定)启动¶ConveyorStart
A121: 1 | B121: 33 | C121: Q224.0 | D121: =RI4-DO03 | F121: 小料小料气锤1 | G121: 启动 | I121: =TRIM(MID(SUBSTITUTE($J121,":",REPT(" ",40)),160,40)) | J121: 备用 Spare | M121: ¶ | N121: - | O121: =D121 -> =RI4-DO03 | P121: =A121 -> 1 | Q121: =C121 -> Q224.0 | R121: =#REF!&M121&#REF!&#REF!&M121&#REF!&I121 -> #REF!
A122: 2 | B122: 34 | C122: Q224.1 | D122: =RI4-DO03 | F122: 小料小料气锤2 | G122: 启动 | I122: =TRIM(MID(SUBSTITUTE($J122,":",REPT(" ",40)),160,40)) | J122: 备用 Spare | M122: ¶ | N122: - | O122: =D122 -> =RI4-DO03 | P122: =A122 -> 2 | Q122: =C122 -> Q224.1 | R122: =#REF!&M122&#REF!&#REF!&M122&#REF!&I122 -> #REF!
A123: 3 | B123: 35 | C123: Q224.2 | D123: =RI4-DO03 | F123: G01:气锤:输出:Hammer:Out | G123: =TRIM(MID(SUBSTITUTE($J123,":",REPT(" ",40)),80,40)) | H123: =TRIM(MID(SUBSTITUTE($J123,":",REPT(" ",40)),120,40)) | I123: =TRIM(MID(SUBSTITUTE($J123,":",REPT(" ",40)),160,40)) | J123: 备用 Spare | M123: ¶ | N123: - | O123: =D123 -> =RI4-DO03 | P123: =A123 -> 3 | Q123: =C123 -> Q224.2 | R123: =E123&M123&#REF!&G123&M123&H123&I123 -> #REF!
A124: 4 | B124: 36 | C124: Q224.3 | D124: =RI4-DO03 | F124: G02:气锤:输出:Hammer:Out | G124: =TRIM(MID(SUBSTITUTE($J124,":",REPT(" ",40)),80,40)) | H124: =TRIM(MID(SUBSTITUTE($J124,":",REPT(" ",40)),120,40)) | I124: =TRIM(MID(SUBSTITUTE($J124,":",REPT(" ",40)),160,40)) | J124: 备用 Spare | M124: ¶ | N124: - | O124: =D124 -> =RI4-DO03 | P124: =A124 -> 4 | Q124: =C124 -> Q224.3 | R124: =E124&M124&F124&G124&M124&H124&I124 -> ¶G02:气锤:输出:Hammer:Out¶
A125: 5 | B125: 37 | C125: Q224.4 | D125: =RI4-DO03 | F125: G03:气锤:输出:Hammer:Out | G125: =TRIM(MID(SUBSTITUTE($J125,":",REPT(" ",40)),80,40)) | H125: =TRIM(MID(SUBSTITUTE($J125,":",REPT(" ",40)),120,40)) | I125: =TRIM(MID(SUBSTITUTE($J125,":",REPT(" ",40)),160,40)) | J125: 备用 Spare | M125: ¶ | N125: - | O125: =D125 -> =RI4-DO03 | P125: =A125 -> 5 | Q125: =C125 -> Q224.4 | R125: =E125&M125&F125&G125&M125&H125&I125 -> ¶G03:气锤:输出:Hammer:Out¶
A126: 6 | B126: 38 | C126: Q224.5 | D126: =RI4-DO03 | F126: G04:气锤:输出:Hammer:Out | G126: =TRIM(MID(SUBSTITUTE($J126,":",REPT(" ",40)),80,40)) | H126: =TRIM(MID(SUBSTITUTE($J126,":",REPT(" ",40)),120,40)) | I126: =TRIM(MID(SUBSTITUTE($J126,":",REPT(" ",40)),160,40)) | J126: 备用 Spare | M126: ¶ | N126: - | O126: =D126 -> =RI4-DO03 | P126: =A126 -> 6 | Q126: =C126 -> Q224.5 | R126: =E126&M126&F126&G126&M126&H126&I126 -> ¶G04:气锤:输出:Hammer:Out¶
A127: 7 | B127: 39 | C127: Q224.6 | D127: =RI4-DO03 | F127: G05:气锤:输出:Hammer:Out | G127: =TRIM(MID(SUBSTITUTE($J127,":",REPT(" ",40)),80,40)) | H127: =TRIM(MID(SUBSTITUTE($J127,":",REPT(" ",40)),120,40)) | I127: =TRIM(MID(SUBSTITUTE($J127,":",REPT(" ",40)),160,40)) | J127: 备用 Spare | M127: ¶ | N127: - | O127: =D127 -> =RI4-DO03 | P127: =A127 -> 7 | Q127: =C127 -> Q224.6 | R127: =E127&M127&F127&G127&M127&H127&I127 -> ¶G05:气锤:输出:Hammer:Out¶
A128: 8 | B128: 40 | C128: Q224.7 | D128: =RI4-DO03 | F128: G06:气锤:输出:Hammer:Out | G128: =TRIM(MID(SUBSTITUTE($J128,":",REPT(" ",40)),80,40)) | H128: =TRIM(MID(SUBSTITUTE($J128,":",REPT(" ",40)),120,40)) | I128: =TRIM(MID(SUBSTITUTE($J128,":",REPT(" ",40)),160,40)) | J128: 备用 Spare | M128: ¶ | N128: - | O128: =D128 -> =RI4-DO03 | P128: =A128 -> 8 | Q128: =C128 -> Q224.7 | R128: =E128&M128&F128&G128&M128&H128&I128 -> ¶G06:气锤:输出:Hammer:Out¶
A129: 9 | B129: 41 | C129: Q225.0 | D129: =RI4-DO03 | F129: G07:气锤:输出:Hammer:Out | G129: =TRIM(MID(SUBSTITUTE($J129,":",REPT(" ",40)),80,40)) | H129: =TRIM(MID(SUBSTITUTE($J129,":",REPT(" ",40)),120,40)) | I129: =TRIM(MID(SUBSTITUTE($J129,":",REPT(" ",40)),160,40)) | J129: 备用 Spare | M129: ¶ | N129: - | O129: =D129 -> =RI4-DO03 | P129: =A129 -> 9 | Q129: =C129 -> Q225.0 | R129: =E129&M129&F129&G129&M129&H129&I129 -> ¶G07:气锤:输出:Hammer:Out¶
A130: 10 | B130: 42 | C130: Q225.1 | D130: =RI4-DO03 | F130: G08:气锤:输出:Hammer:Out | G130: =TRIM(MID(SUBSTITUTE($J130,":",REPT(" ",40)),80,40)) | H130: =TRIM(MID(SUBSTITUTE($J130,":",REPT(" ",40)),120,40)) | I130: =TRIM(MID(SUBSTITUTE($J130,":",REPT(" ",40)),160,40)) | J130: 备用 Spare | M130: ¶ | N130: - | O130: =D130 -> =RI4-DO03 | P130: =A130 -> 10 | Q130: =C130 -> Q225.1 | R130: =E130&M130&F130&G130&M130&H130&I130 -> ¶G08:气锤:输出:Hammer:Out¶
A131: 11 | B131: 43 | C131: Q225.2 | D131: =RI4-DO03 | F131: 喷涂仓三通左通 | G131: 左通 | H131: =TRIM(MID(SUBSTITUTE($J131,":",REPT(" ",40)),120,40)) | I131: =TRIM(MID(SUBSTITUTE($J131,":",REPT(" ",40)),160,40)) | J131: 备用 Spare | M131: ¶ | N131: - | O131: =D131 -> =RI4-DO03 | P131: =A131 -> 11 | Q131: =C131 -> Q225.2 | R131: =E131&M131&F131&G131&M131&H131&I131 -> ¶喷涂仓三通左通左通¶
A132: 12 | B132: 44 | C132: Q225.3 | D132: =RI4-DO03 | F132: 喷涂仓三通右通 | G132: 右通 | H132: =TRIM(MID(SUBSTITUTE($J132,":",REPT(" ",40)),120,40)) | I132: =TRIM(MID(SUBSTITUTE($J132,":",REPT(" ",40)),160,40)) | J132: 备用 Spare | M132: ¶ | N132: - | O132: =D132 -> =RI4-DO03 | P132: =A132 -> 12 | Q132: =C132 -> Q225.3 | R132: =E132&M132&F132&G132&M132&H132&I132 -> ¶喷涂仓三通右通右通¶
A133: 13 | B133: 45 | C133: Q225.4 | D133: =RI4-DO03 | F133: =TRIM(MID(SUBSTITUTE($J133,":",REPT(" ",40)),40,40)) | G133: =TRIM(MID(SUBSTITUTE($J133,":",REPT(" ",40)),80,40)) | H133: =TRIM(MID(SUBSTITUTE($J133,":",REPT(" ",40)),120,40)) | I133: =TRIM(MID(SUBSTITUTE($J133,":",REPT(" ",40)),160,40)) | J133: 备用 Spare | M133: ¶ | N133: - | O133: =D133 -> =RI4-DO03 | P133: =A133 -> 13 | Q133: =C133 -> Q225.4 | R133: =E133&M133&F133&G133&M133&H133&I133 -> ¶¶
A134: 14 | B134: 46 | C134: Q225.5 | D134: =RI4-DO03 | F134: =TRIM(MID(SUBSTITUTE($J134,":",REPT(" ",40)),40,40)) | G134: =TRIM(MID(SUBSTITUTE($J134,":",REPT(" ",40)),80,40)) | H134: =TRIM(MID(SUBSTITUTE($J134,":",REPT(" ",40)),120,40)) | I134: =TRIM(MID(SUBSTITUTE($J134,":",REPT(" ",40)),160,40)) | J134: 备用 Spare | M134: ¶ | N134: - | O134: =D134 -> =RI4-DO03 | P134: =A134 -> 14 | Q134: =C134 -> Q225.5 | R134: =E134&M134&F134&G134&M134&H134&I134 -> ¶¶
A135: 15 | B135: 47 | C135: Q225.6 | D135: =RI4-DO03 | F135: =TRIM(MID(SUBSTITUTE($J135,":",REPT(" ",40)),40,40)) | G135: =TRIM(MID(SUBSTITUTE($J135,":",REPT(" ",40)),80,40)) | H135: =TRIM(MID(SUBSTITUTE($J135,":",REPT(" ",40)),120,40)) | I135: =TRIM(MID(SUBSTITUTE($J135,":",REPT(" ",40)),160,40)) | J135: 备用 Spare | M135: ¶ | N135: - | O135: =D135 -> =RI4-DO03 | P135: =A135 -> 15 | Q135: =C135 -> Q225.6 | R135: =E135&M135&F135&G135&M135&H135&I135 -> ¶¶
A136: 16 | B136: 48 | C136: Q225.7 | D136: =RI4-DO03 | F136: =TRIM(MID(SUBSTITUTE($J136,":",REPT(" ",40)),40,40)) | G136: =TRIM(MID(SUBSTITUTE($J136,":",REPT(" ",40)),80,40)) | H136: =TRIM(MID(SUBSTITUTE($J136,":",REPT(" ",40)),120,40)) | I136: =TRIM(MID(SUBSTITUTE($J136,":",REPT(" ",40)),160,40)) | J136: 备用 Spare | M136: ¶ | N136: - | O136: =D136 -> =RI4-DO03 | P136: =A136 -> 16 | Q136: =C136 -> Q225.7 | R136: =E136&M136&F136&G136&M136&H136&I136 -> ¶¶

Sheet MCC11
B1: 序号 | C1: 地址 | D1: 符号表 | E1: 设备编号 | F1: 设备名称 | G1: 信号名称 | H1: 备注
B2: 1 | C2: PIW1104 | D2: 5AI1 | E2: E0153FM | F2: 流量检测 | H2: 4-20MA
B3: 5 | C3: PIW1106 | D3: 5AI1 | E3: E0153PI | F3: 压力检测 | H3: 4-20MA
B4: 3 | C4: PIW1108 | D4: 5AI1 | E4: E0135提升机 | F4: 电流 | G4: 后加 | H4: 4-20MA
B5: 7 | C5: PIW1110 | D5: 5AI1 | E5: E0175提升机 | F5: 电流 | G5: 后加 | H5: 4-20MA
B6: 1 | C6: PQW1070 | E6: E0135震动 | H6: 4-20MA
B7: 5 | C7: PQW1072 | E7: E0136提升机 | H7: 4-20MA
B8: 3 | C8: PQW1074 | E8: E0172震动 | H8: 4-20MA
B9: 7 | C9: PQW1076 | E9: E0173提升机 | H9: 4-20MA
B10: 1
B11: 5
B12: 3
B13: 7
B19: 输入
B20: 序号 | C20: 地址 | D20: 符号表 | E20: 设备编号 | F20: 设备名称 | G20: 信号名称 | H20: 设备名称（英文） | I20: 信号名称（英文） | J20: 标签 | K20: 备注 | L20: 柜号
A21: 1 | B21: 1 | C21: I236.0 | D21: =RI5-DI01 | E21: =TRIM(MID(SUBSTITUTE($J21,":",REPT(" ",40)),1,40)) -> E0153_1 | F21: =TRIM(MID(SUBSTITUTE($J21,":",REPT(" ",40)),40,40)) -> 喷涂机 | G21: =TRIM(MID(SUBSTITUTE($J21,":",REPT(" ",40)),80,40)) -> 运行 | H21: =TRIM(MID(SUBSTITUTE($J21,":",H23+REPT(" ",40)),120,40)) -> #VALUE! | I21: =TRIM(MID(SUBSTITUTE($J21,":",REPT(" ",40)),160,40)) -> Running | J21: E0153_1:喷涂机:运行:Coater:Running | M21: ¶ | N21: - | O21: =D21 -> =RI5-DI01 | P21: =A21 -> 1 | Q21: =C21 -> I236.0 | R21: =E21&M21&F21&G21&M21&H21&I21 -> #VALUE!
A22: 2 | B22: 2 | C22: I236.1 | D22: =RI5-DI01 | E22: =TRIM(MID(SUBSTITUTE($J22,":",REPT(" ",40)),1,40)) -> E0153_2 | F22: =TRIM(MID(SUBSTITUTE($J22,":",REPT(" ",40)),40,40)) -> 喷涂机 | G22: =TRIM(MID(SUBSTITUTE($J22,":",REPT(" ",40)),80,40)) -> 运行 | H22: =TRIM(MID(SUBSTITUTE($J22,":",REPT(" ",40)),120,40)) -> Coater | I22: =TRIM(MID(SUBSTITUTE($J22,":",REPT(" ",40)),160,40)) -> Running | J22: E0153_2:喷涂机:运行:Coater:Running | M22: ¶ | N22: - | O22: =D22 -> =RI5-DI01 | P22: =A22 -> 2 | Q22: =C22 -> I236.1 | R22: =E22&M22&F22&G22&M22&H22&I22 -> E0153_2¶喷涂机运行¶CoaterRunning
A23: 3 | B23: 3 | C23: I236.2 | D23: =RI5-DI01 | E23: =TRIM(MID(SUBSTITUTE($J23,":",REPT(" ",40)),1,40)) -> E0153 | F23: =TRIM(MID(SUBSTITUTE($J23,":",REPT(" ",40)),40,40)) -> 喷涂机 | G23: =TRIM(MID(SUBSTITUTE($J23,":",REPT(" ",40)),80,40)) -> 门保 | H23: =TRIM(MID(SUBSTITUTE($J23,":",REPT(" ",40)),120,40)) -> Coater | I23: =TRIM(MID(SUBSTITUTE($J23,":",REPT(" ",40)),160,40)) -> Door Protect | J23: E0153:喷涂机:门保:Coater:Door Protect | M23: ¶ | N23: - | O23: =D23 -> =RI5-DI01 | P23: =A23 -> 3 | Q23: =C23 -> I236.2 | R23: =E23&M23&F23&G23&M23&H23&I23 -> E0153¶喷涂机门保¶CoaterDoor Protect
A24: 4 | B24: 4 | C24: I236.3 | D24: =RI5-DI01 | E24: =TRIM(MID(SUBSTITUTE($J24,":",REPT(" ",40)),1,40)) -> E0153V0- | F24: =TRIM(MID(SUBSTITUTE($J24,":",REPT(" ",40)),40,40)) -> 出料门 | G24: =TRIM(MID(SUBSTITUTE($J24,":",REPT(" ",40)),80,40)) -> 开门到位 | H24: =TRIM(MID(SUBSTITUTE($J24,":",REPT(" ",40)),120,40)) -> Valve | I24: =TRIM(MID(SUBSTITUTE($J24,":",REPT(" ",40)),160,40)) -> Openning | J24: E0153V0-:出料门:开门到位:Valve:Openning | M24: ¶ | N24: - | O24: =D24 -> =RI5-DI01 | P24: =A24 -> 4 | Q24: =C24 -> I236.3 | R24: =E24&M24&F24&G24&M24&H24&I24 -> E0153V0-¶出料门开门到位¶ValveOpenning
A25: 5 | B25: 5 | C25: I236.4 | D25: =RI5-DI01 | E25: =TRIM(MID(SUBSTITUTE($J25,":",REPT(" ",40)),1,40)) -> E0153V0- | F25: =TRIM(MID(SUBSTITUTE($J25,":",REPT(" ",40)),40,40)) -> 出料门 | G25: =TRIM(MID(SUBSTITUTE($J25,":",REPT(" ",40)),80,40)) -> 关门到位 | H25: =TRIM(MID(SUBSTITUTE($J25,":",REPT(" ",40)),120,40)) -> Valve | I25: =TRIM(MID(SUBSTITUTE($J25,":",REPT(" ",40)),160,40)) -> Closing | J25: E0153V0-:出料门:关门到位:Valve:Closing | M25: ¶ | N25: - | O25: =D25 -> =RI5-DI01 | P25: =A25 -> 5 | Q25: =C25 -> I236.4 | R25: =E25&M25&F25&G25&M25&H25&I25 -> E0153V0-¶出料门关门到位¶ValveClosing
A26: 6 | B26: 6 | C26: I236.5 | D26: =RI5-DI01 | E26: =TRIM(MID(SUBSTITUTE($J26,":",REPT(" ",40)),1,40)) -> E0132 | F26: =TRIM(MID(SUBSTITUTE($J26,":",REPT(" ",40)),40,40)) -> 绞龙 | G26: =TRIM(MID(SUBSTITUTE($J26,":",REPT(" ",40)),80,40)) -> 运行 | H26: =TRIM(MID(SUBSTITUTE($J26,":",REPT(" ",40)),120,40)) -> Conveyor | I26: =TRIM(MID(SUBSTITUTE($J26,":",REPT(" ",40)),160,40)) -> Running | J26: E0132:绞龙:运行:Conveyor:Running | M26: ¶ | N26: - | O26: =D26 -> =RI5-DI01 | P26: =A26 -> 6 | Q26: =C26 -> I236.5 | R26: =E26&M26&F26&G26&M26&H26&I26 -> E0132¶绞龙运行¶ConveyorRunning
A27: 7 | B27: 7 | C27: I236.6 | D27: =RI5-DI01 | E27: =TRIM(MID(SUBSTITUTE($J27,":",REPT(" ",40)),1,40)) -> E0132 | F27: =TRIM(MID(SUBSTITUTE($J27,":",REPT(" ",40)),40,40)) -> 绞龙 | G27: =TRIM(MID(SUBSTITUTE($J27,":",REPT(" ",40)),80,40)) -> 急停 | H27: =TRIM(MID(SUBSTITUTE($J27,":",REPT(" ",40)),120,40)) -> Conveyor | I27: =TRIM(MID(SUBSTITUTE($J27,":",REPT(" ",40)),160,40)) -> Estop | J27: E0132:绞龙:急停:Conveyor:Estop | M27: ¶ | N27: - | O27: =D27 -> =RI5-DI01 | P27: =A27 -> 7 | Q27: =C27 -> I236.6 | R27: =E27&M27&F27&G27&M27&H27&I27 -> E0132¶绞龙急停¶ConveyorEstop
A28: 8 | B28: 8 | C28: I236.7 | D28: =RI5-DI01 | E28: =TRIM(MID(SUBSTITUTE($J28,":",REPT(" ",40)),1,40)) -> E0133 | F28: =TRIM(MID(SUBSTITUTE($J28,":",REPT(" ",40)),40,40)) -> 绞龙 | G28: =TRIM(MID(SUBSTITUTE($J28,":",REPT(" ",40)),80,40)) -> 运行 | H28: =TRIM(MID(SUBSTITUTE($J28,":",REPT(" ",40)),120,40)) -> Conveyor | I28: =TRIM(MID(SUBSTITUTE($J28,":",REPT(" ",40)),160,40)) -> Running | J28: E0133:绞龙:运行:Conveyor:Running | M28: ¶ | N28: - | O28: =D28 -> =RI5-DI01 | P28: =A28 -> 8 | Q28: =C28 -> I236.7 | R28: =E28&M28&F28&G28&M28&H28&I28 -> E0133¶绞龙运行¶ConveyorRunning
A29: 9 | B29: 9 | C29: I237.0 | D29: =RI5-DI01 | E29: =TRIM(MID(SUBSTITUTE($J29,":",REPT(" ",40)),1,40)) -> E0133 | F29: =TRIM(MID(SUBSTITUTE($J29,":",REPT(" ",40)),40,40)) -> 绞龙 | G29: =TRIM(MID(SUBSTITUTE($J29,":",REPT(" ",40)),80,40)) -> 急停 | H29: =TRIM(MID(SUBSTITUTE($J29,":",REPT(" ",40)),120,40)) -> Conveyor | I29: =TRIM(MID(SUBSTITUTE($J29,":",REPT(" ",40)),160,40)) -> Estop | J29: E0133:绞龙:急停:Conveyor:Estop | M29: ¶ | N29: - | O29: =D29 -> =RI5-DI01 | P29: =A29 -> 9 | Q29: =C29 -> I237.0 | R29: =E29&M29&F29&G29&M29&H29&I29 -> E0133¶绞龙急停¶ConveyorEstop
A30: 10 | B30: 10 | C30: I237.1 | D30: =RI5-DI01 | E30: =TRIM(MID(SUBSTITUTE($J30,":",REPT(" ",40)),1,40)) -> E0138 | F30: =TRIM(MID(SUBSTITUTE($J30,":",REPT(" ",40)),40,40)) -> 分级筛 | G30: =TRIM(MID(SUBSTITUTE($J30,":",REPT(" ",40)),80,40)) -> 运行 | H30: =TRIM(MID(SUBSTITUTE($J30,":",REPT(" ",40)),120,40)) -> Sizing screen | I30: =TRIM(MID(SUBSTITUTE($J30,":",REPT(" ",40)),160,40)) -> Running | J30: E0138:分级筛:运行:Sizing screen:Running | M30: ¶ | N30: - | O30: =D30 -> =RI5-DI01 | P30: =A30 -> 10 | Q30: =C30 -> I237.1 | R30: =E30&M30&F30&G30&M30&H30&I30 -> E0138¶分级筛运行¶Sizing screenRunning
A31: 11 | B31: 11 | C31: I237.2 | D31: =RI5-DI01 | E31: =TRIM(MID(SUBSTITUTE($J31,":",REPT(" ",40)),1,40)) -> E0138 | F31: =TRIM(MID(SUBSTITUTE($J31,":",REPT(" ",40)),40,40)) -> 分级筛 | G31: =TRIM(MID(SUBSTITUTE($J31,":",REPT(" ",40)),80,40)) -> 急停 | H31: =TRIM(MID(SUBSTITUTE($J31,":",REPT(" ",40)),120,40)) -> Sizing screen | I31: =TRIM(MID(SUBSTITUTE($J31,":",REPT(" ",40)),160,40)) -> Estop | J31: E0138:分级筛:急停:Sizing screen:Estop | M31: ¶ | N31: - | O31: =D31 -> =RI5-DI01 | P31: =A31 -> 11 | Q31: =C31 -> I237.2 | R31: =E31&M31&F31&G31&M31&H31&I31 -> E0138¶分级筛急停¶Sizing screenEstop
A32: 12 | B32: 12 | C32: I237.3 | D32: =RI5-DI01 | E32: =TRIM(MID(SUBSTITUTE($J32,":",REPT(" ",40)),1,40)) -> E0160 | F32: =TRIM(MID(SUBSTITUTE($J32,":",REPT(" ",40)),40,40)) -> 关风器 | G32: =TRIM(MID(SUBSTITUTE($J32,":",REPT(" ",40)),80,40)) -> 运行 | H32: =TRIM(MID(SUBSTITUTE($J32,":",REPT(" ",40)),120,40)) -> Airlock | I32: =TRIM(MID(SUBSTITUTE($J32,":",REPT(" ",40)),160,40)) -> Running | J32: E0160:关风器:运行:Airlock:Running | M32: ¶ | N32: - | O32: =D32 -> =RI5-DI01 | P32: =A32 -> 12 | Q32: =C32 -> I237.3 | R32: =E32&M32&F32&G32&M32&H32&I32 -> E0160¶关风器运行¶AirlockRunning
A33: 13 | B33: 13 | C33: I237.4 | D33: =RI5-DI01 | E33: =TRIM(MID(SUBSTITUTE($J33,":",REPT(" ",40)),1,40)) -> E0161_1 | F33: =TRIM(MID(SUBSTITUTE($J33,":",REPT(" ",40)),40,40)) -> 撒料 | G33: =TRIM(MID(SUBSTITUTE($J33,":",REPT(" ",40)),80,40)) -> 运行 | H33: =TRIM(MID(SUBSTITUTE($J33,":",REPT(" ",40)),120,40)) -> Regular motor | I33: =TRIM(MID(SUBSTITUTE($J33,":",REPT(" ",40)),160,40)) -> Running | J33: E0161_1:撒料:运行:Regular motor:Running | M33: ¶ | N33: - | O33: =D33 -> =RI5-DI01 | P33: =A33 -> 13 | Q33: =C33 -> I237.4 | R33: =E33&M33&F33&G33&M33&H33&I33 -> E0161_1¶撒料运行¶Regular motorRunning
... A60: 8 | B60: 40 | C60: I240.7 | D60: =RI5-DI03 | E60: =TRIM(MID(SUBSTITUTE($J60,":",REPT(" ",40)),1,40)) -> E0135 | F60: =TRIM(MID(SUBSTITUTE($J60,":",REPT(" ",40)),40,40)) -> 提升机箱电源 | G60: =TRIM(MID(SUBSTITUTE($J60,":",REPT(" ",40)),80,40)) -> 运行 | H60: =TRIM(MID(SUBSTITUTE($J60,":",REPT(" ",40)),120,40)) -> Elevator | I60: =TRIM(MID(SUBSTITUTE($J60,":",REPT(" ",40)),160,40)) -> Running | J60: E0135:提升机箱电源:运行:Elevator:Running | M60: ¶ | N60: - | O60: =D60 -> =RI5-DI03 | P60: =A60 -> 8 | Q60: =C60 -> I240.7 | R60: =E60&M60&F60&G60&M60&H60&I60 -> E0135¶提升机箱电源运行¶ElevatorRunning
A61: 9 | B61: 41 | C61: I241.0 | D61: =RI5-DI03 | E61: =TRIM(MID(SUBSTITUTE($J61,":",REPT(" ",40)),1,40)) -> E0135 | F61: =TRIM(MID(SUBSTITUTE($J61,":",REPT(" ",40)),40,40)) -> 提升机箱 | G61: 变频故障 | H61: =TRIM(MID(SUBSTITUTE($J61,":",REPT(" ",40)),120,40)) | I61: =TRIM(MID(SUBSTITUTE($J61,":",REPT(" ",40)),160,40)) | J61: E0135:提升机箱:信号反馈1 | M61: ¶ | N61: - | O61: =D61 -> =RI5-DI03 | P61: =A61 -> 9 | Q61: =C61 -> I241.0 | R61: =E61&M61&F61&G61&M61&H61&I61 -> E0135¶提升机箱变频故障¶
A62: 10 | B62: 42 | C62: I241.1 | D62: =RI5-DI03 | E62: E0173 | F62: =TRIM(MID(SUBSTITUTE($J64,":",REPT(" ",40)),40,40)) | G62: 变频故障 | H62: =TRIM(MID(SUBSTITUTE($J62,":",REPT(" ",40)),120,40)) | I62: =TRIM(MID(SUBSTITUTE($J62,":",REPT(" ",40)),160,40)) | J62: E0135:提升机箱:信号反馈2 | M62: ¶ | N62: - | O62: =D62 -> =RI5-DI03 | P62: =A62 -> 10 | Q62: =C62 -> I241.1 | R62: =E62&M62&#REF!&#REF!&M62&H62&I62 -> #REF!
A63: 11 | B63: 43 | C63: I241.2 | D63: =RI5-DI03 | E63: =TRIM(MID(SUBSTITUTE($J63,":",REPT(" ",40)),1,40)) -> E0173 | F63: =TRIM(MID(SUBSTITUTE($J63,":",REPT(" ",40)),40,40)) -> 提升机箱电源 | G63: =TRIM(MID(SUBSTITUTE($J63,":",REPT(" ",40)),80,40)) -> 运行 | H63: =TRIM(MID(SUBSTITUTE($J63,":",REPT(" ",40)),120,40)) -> Elevator | I63: =TRIM(MID(SUBSTITUTE($J63,":",REPT(" ",40)),160,40)) -> Running | J63: E0173:提升机箱电源:运行:Elevator:Running | M63: ¶ | N63: - | O63: =D63 -> =RI5-DI03 | P63: =A63 -> 11 | Q63: =C63 -> I241.2 | R63: =E63&M63&F63&G63&M63&H63&I63 -> E0173¶提升机箱电源运行¶ElevatorRunning
A64: 12 | B64: 44 | C64: I241.3 | D64: =RI5-DI03 | E64: E0135 | F64: 提升机箱 | G64: 测速 | H64: =TRIM(MID(SUBSTITUTE($J64,":",REPT(" ",40)),120,40)) | I64: =TRIM(MID(SUBSTITUTE($J64,":",REPT(" ",40)),160,40)) | J64: 备用 Spare | M64: ¶ | N64: - | O64: =D64 -> =RI5-DI03 | P64: =A64 -> 12 | Q64: =C64 -> I241.3 | R64: =E64&M64&F62&G62&M64&H64&I64 -> E0135¶变频故障¶
A65: 13 | B65: 45 | C65: I241.4 | D65: =RI5-DI03 | E65: E0173 | F65: 提升机箱 | G65: 测速 | H65: =TRIM(MID(SUBSTITUTE($J65,":",REPT(" ",40)),120,40)) | I65: =TRIM(MID(SUBSTITUTE($J65,":",REPT(" ",40)),160,40)) | J65: 备用 Spare | M65: ¶ | N65: - | O65: =D65 -> =RI5-DI03 | P65: =A65 -> 13 | Q65: =C65 -> I241.4 | R65: =E65&M65&F65&G65&M65&H65&I65 -> E0173¶提升机箱测速¶
A66: 14 | B66: 46 | C66: I241.5 | D66: =RI5-DI03 | E66: E0135 | F66: 提升机箱 | G66: 急停 | H66: =TRIM(MID(SUBSTITUTE($J66,":",REPT(" ",40)),120,40)) | I66: =TRIM(MID(SUBSTITUTE($J66,":",REPT(" ",40)),160,40)) | J66: 备用 Spare | M66: ¶ | N66: - | O66: =D66 -> =RI5-DI03 | P66: =A66 -> 14 | Q66: =C66 -> I241.5 | R66: =E66&M66&F66&G66&M66&H66&I66 -> E0135¶提升机箱急停¶
A67: 15 | B67: 47 | C67: I241.6 | D67: =RI5-DI03 | E67: E0173 | F67: 提升机箱 | G67: 急停 | H67: =TRIM(MID(SUBSTITUTE($J67,":",REPT(" ",40)),120,40)) | I67: =TRIM(MID(SUBSTITUTE($J67,":",REPT(" ",40)),160,40)) | J67: 备用 Spare | M67: ¶ | N67: - | O67: =D67 -> =RI5-DI03 | P67: =A67 -> 15 | Q67: =C67 -> I241.6 | R67: =E67&M67&F67&G67&M67&H67&I67 -> E0173¶提升机箱急停¶
A68: 16 | B68: 48 | C68: I241.7 | D68: =RI5-DI03 | E68: =TRIM(MID(SUBSTITUTE($J68,":",REPT(" ",40)),1,40)) -> 备用 Spare | F68: =TRIM(MID(SUBSTITUTE($J68,":",REPT(" ",40)),40,40)) | G68: =TRIM(MID(SUBSTITUTE($J68,":",REPT(" ",40)),80,40)) | H68: =TRIM(MID(SUBSTITUTE($J68,":",REPT(" ",40)),120,40)) | I68: =TRIM(MID(SUBSTITUTE($J68,":",REPT(" ",40)),160,40)) | J68: 备用 Spare | M68: ¶ | N68: - | O68: =D68 -> =RI5-DI03 | P68: =A68 -> 16 | Q68: =C68 -> I241.7 | R68: =E68&M68&F68&G68&M68&H68&I68 -> 备用 Spare¶¶
A69: 1 | B69: 49 | C69: I242.0 | D69: =RI5-DI04 | E69: =TRIM(MID(SUBSTITUTE($J69,":",REPT(" ",40)),1,40)) -> 备用 Spare | F69: =TRIM(MID(SUBSTITUTE($J69,":",REPT(" ",40)),40,40)) | G69: =TRIM(MID(SUBSTITUTE($J69,":",REPT(" ",40)),80,40)) | H69: =TRIM(MID(SUBSTITUTE($J69,":",REPT(" ",40)),120,40)) | I69: =TRIM(MID(SUBSTITUTE($J69,":",REPT(" ",40)),160,40)) | J69: 备用 Spare | M69: ¶ | N69: - | O69: =D69 -> =RI5-DI04 | P69: =A69 -> 1 | Q69: =C69 -> I242.0 | R69: =E69&M69&F69&G69&M69&H69&I69 -> 备用 Spare¶¶
A70: 2 | B70: 50 | C70: I242.1 | D70: =RI5-DI04 | E70: =TRIM(MID(SUBSTITUTE($J70,":",REPT(" ",40)),1,40)) -> 备用 Spare | F70: =TRIM(MID(SUBSTITUTE($J70,":",REPT(" ",40)),40,40)) | G70: =TRIM(MID(SUBSTITUTE($J70,":",REPT(" ",40)),80,40)) | H70: =TRIM(MID(SUBSTITUTE($J70,":",REPT(" ",40)),120,40)) | I70: =TRIM(MID(SUBSTITUTE($J70,":",REPT(" ",40)),160,40)) | J70: 备用 Spare | M70: ¶ | N70: - | O70: =D70 -> =RI5-DI04 | P70: =A70 -> 2 | Q70: =C70 -> I242.1 | R70: =E70&M70&F70&G70&M70&H70&I70 -> 备用 Spare¶¶
A71: 3 | B71: 51 | C71: I242.2 | D71: =RI5-DI04 | E71: =TRIM(MID(SUBSTITUTE($J71,":",REPT(" ",40)),1,40)) -> 备用 Spare | F71: =TRIM(MID(SUBSTITUTE($J71,":",REPT(" ",40)),40,40)) | G71: =TRIM(MID(SUBSTITUTE($J71,":",REPT(" ",40)),80,40)) | H71: =TRIM(MID(SUBSTITUTE($J71,":",REPT(" ",40)),120,40)) | I71: =TRIM(MID(SUBSTITUTE($J71,":",REPT(" ",40)),160,40)) | J71: 备用 Spare | M71: ¶ | N71: - | O71: =D71 -> =RI5-DI04 | P71: =A71 -> 3 | Q71: =C71 -> I242.2 | R71: =E71&M71&F71&G71&M71&H71&I71 -> 备用 Spare¶¶
A72: 4 | B72: 52 | C72: I242.3 | D72: =RI5-DI04 | E72: =TRIM(MID(SUBSTITUTE($J72,":",REPT(" ",40)),1,40)) -> 备用 Spare | F72: =TRIM(MID(SUBSTITUTE($J72,":",REPT(" ",40)),40,40)) | G72: =TRIM(MID(SUBSTITUTE($J72,":",REPT(" ",40)),80,40)) | H72: =TRIM(MID(SUBSTITUTE($J72,":",REPT(" ",40)),120,40)) | I72: =TRIM(MID(SUBSTITUTE($J72,":",REPT(" ",40)),160,40)) | J72: 备用 Spare | M72: ¶ | N72: - | O72: =D72 -> =RI5-DI04 | P72: =A72 -> 4 | Q72: =C72 -> I242.3 | R72: =E72&M72&F72&G72&M72&H72&I72 -> 备用 Spare¶¶
A73: 5 | B73: 53 | C73: I242.4 | D73: =RI5-DI04 | E73: =TRIM(MID(SUBSTITUTE($J73,":",REPT(" ",40)),1,40)) -> 备用 Spare | F73: =TRIM(MID(SUBSTITUTE($J73,":",REPT(" ",40)),40,40)) | G73: =TRIM(MID(SUBSTITUTE($J73,":",REPT(" ",40)),80,40)) | H73: =TRIM(MID(SUBSTITUTE($J73,":",REPT(" ",40)),120,40)) | I73: =TRIM(MID(SUBSTITUTE($J73,":",REPT(" ",40)),160,40)) | J73: 备用 Spare | M73: ¶ | N73: - | O73: =D73 -> =RI5-DI04 | P73: =A73 -> 5 | Q73: =C73 -> I242.4 | R73: =E73&M73&F73&G73&M73&H73&I73 -> 备用 Spare¶¶
A74: 6 | B74: 54 | C74: I242.5 | D74: =RI5-DI04 | E74: =TRIM(MID(SUBSTITUTE($J74,":",REPT(" ",40)),1,40)) -> 备用 Spare | F74: =TRIM(MID(SUBSTITUTE($J74,":",REPT(" ",40)),40,40)) | G74: =TRIM(MID(SUBSTITUTE($J74,":",REPT(" ",40)),80,40)) | H74: =TRIM(MID(SUBSTITUTE($J74,":",REPT(" ",40)),120,40)) | I74: =TRIM(MID(SUBSTITUTE($J74,":",REPT(" ",40)),160,40)) | J74: 备用 Spare | M74: ¶ | N74: - | O74: =D74 -> =RI5-DI04 | P74: =A74 -> 6 | Q74: =C74 -> I242.5 | R74: =E74&M74&F74&G74&M74&H74&I74 -> 备用 Spare¶¶
A75: 7 | B75: 55 | C75: I242.6 | D75: =RI5-DI04 | E75: =TRIM(MID(SUBSTITUTE($J75,":",REPT(" ",40)),1,40)) -> 备用 Spare | F75: =TRIM(MID(SUBSTITUTE($J75,":",REPT(" ",40)),40,40)) | G75: =TRIM(MID(SUBSTITUTE($J75,":",REPT(" ",40)),80,40)) | H75: =TRIM(MID(SUBSTITUTE($J75,":",REPT(" ",40)),120,40)) | I75: =TRIM(MID(SUBSTITUTE($J75,":",REPT(" ",40)),160,40)) | J75: 备用 Spare | M75: ¶ | N75: - | O75: =D75 -> =RI5-DI04 | P75: =A75 -> 7 | Q75: =C75 -> I242.6 | R75: =E75&M75&F75&G75&M75&H75&I75 -> 备用 Spare¶¶
A76: 8 | B76: 56 | C76: I242.7 | D76: =RI5-DI04 | E76: =TRIM(MID(SUBSTITUTE($J76,":",REPT(" ",40)),1,40)) -> 备用 Spare | F76: =TRIM(MID(SUBSTITUTE($J76,":",REPT(" ",40)),40,40)) | G76: =TRIM(MID(SUBSTITUTE($J76,":",REPT(" ",40)),80,40)) | H76: =TRIM(MID(SUBSTITUTE($J76,":",REPT(" ",40)),120,40)) | I76: =TRIM(MID(SUBSTITUTE($J76,":",REPT(" ",40)),160,40)) | J76: 备用 Spare | M76: ¶ | N76: - | O76: =D76 -> =RI5-DI04 | P76: =A76 -> 8 | Q76: =C76 -> I242.7 | R76: =E76&M76&F76&G76&M76&H76&I76 -> 备用 Spare¶¶
A77: 9 | B77: 57 | C77: I243.0 | D77: =RI5-DI04 | E77: =TRIM(MID(SUBSTITUTE($J77,":",REPT(" ",40)),1,40)) -> 备用 Spare | F77: =TRIM(MID(SUBSTITUTE($J77,":",REPT(" ",40)),40,40)) | G77: =TRIM(MID(SUBSTITUTE($J77,":",REPT(" ",40)),80,40)) | H77: =TRIM(MID(SUBSTITUTE($J77,":",REPT(" ",40)),120,40)) | I77: =TRIM(MID(SUBSTITUTE($J77,":",REPT(" ",40)),160,40)) | J77: 备用 Spare | M77: ¶ | N77: - | O77: =D77 -> =RI5-DI04 | P77: =A77 -> 9 | Q77: =C77 -> I243.0 | R77: =E77&M77&F77&G77&M77&H77&I77 -> 备用 Spare¶¶
A78: 10 | B78: 58 | C78: I243.1 | D78: =RI5-DI04 | E78: =TRIM(MID(SUBSTITUTE($J78,":",REPT(" ",40)),1,40)) -> 备用 Spare | F78: =TRIM(MID(SUBSTITUTE($J78,":",REPT(" ",40)),40,40)) | G78: =TRIM(MID(SUBSTITUTE($J78,":",REPT(" ",40)),80,40)) | H78: =TRIM(MID(SUBSTITUTE($J78,":",REPT(" ",40)),120,40)) | I78: =TRIM(MID(SUBSTITUTE($J78,":",REPT(" ",40)),160,40)) | J78: 备用 Spare | M78: ¶ | N78: - | O78: =D78 -> =RI5-DI04 | P78: =A78 -> 10 | Q78: =C78 -> I243.1 | R78: =E78&M78&F78&G78&M78&H78&I78 -> 备用 Spare¶¶
A79: 11 | B79: 59 | C79: I243.2 | D79: =RI5-DI04 | E79: =TRIM(MID(SUBSTITUTE($J79,":",REPT(" ",40)),1,40)) -> 备用 Spare | F79: =TRIM(MID(SUBSTITUTE($J79,":",REPT(" ",40)),40,40)) | G79: =TRIM(MID(SUBSTITUTE($J79,":",REPT(" ",40)),80,40)) | H79: =TRIM(MID(SUBSTITUTE($J79,":",REPT(" ",40)),120,40)) | I79: =TRIM(MID(SUBSTITUTE($J79,":",REPT(" ",40)),160,40)) | J79: 备用 Spare | M79: ¶ | N79: - | O79: =D79 -> =RI5-DI04 | P79: =A79 -> 11 | Q79: =C79 -> I243.2 | R79: =E79&M79&F79&G79&M79&H79&I79 -> 备用 Spare¶¶
... A84: 16 | B84: 64 | C84: I243.7 | D84: =RI5-DI04 | E84: =TRIM(MID(SUBSTITUTE($J84,":",REPT(" ",40)),1,40)) -> 备用 Spare | F84: =TRIM(MID(SUBSTITUTE($J84,":",REPT(" ",40)),40,40)) | G84: =TRIM(MID(SUBSTITUTE($J84,":",REPT(" ",40)),80,40)) | H84: =TRIM(MID(SUBSTITUTE($J84,":",REPT(" ",40)),120,40)) | I84: =TRIM(MID(SUBSTITUTE($J84,":",REPT(" ",40)),160,40)) | J84: 备用 Spare | M84: ¶ | N84: - | O84: =D84 -> =RI5-DI04 | P84: =A84 -> 16 | Q84: =C84 -> I243.7 | R84: =E84&M84&F84&G84&M84&H84&I84 -> 备用 Spare¶¶
B88: 序号 | C88: 地址 | D88: 符号表 | E88: 编号 | F88: 设备名称 | G88: 信号名称 | H88: 设备名称（英文） | I88: 信号名称（英文） | J88: 设备名称 | K88: 备注 | L88: 柜号
A89: 1 | B89: 1 | C89: Q226.0 | D89: =RI5-DO01 | E89: =TRIM(MID(SUBSTITUTE($J89,":",REPT(" ",40)),1,40)) -> E0153V0- | F89: =TRIM(MID(SUBSTITUTE($J89,":",REPT(" ",40)),40,40)) -> 出料门电磁阀1 | G89: =TRIM(MID(SUBSTITUTE($J89,":",REPT(" ",40)),80,40)) -> 开门 | H89: =TRIM(MID(SUBSTITUTE($J89,":",REPT(" ",40)),120,40)) -> Discharge door valve 1 | I89: =TRIM(MID(SUBSTITUTE($J89,":",REPT(" ",40)),160,40)) | J89: E0153V0-:出料门电磁阀1:开门:Discharge door valve 1:Open | M89: ¶ | N89: - | O89: =D89 -> =RI5-DO01 | P89: =A89 -> 1 | Q89: =C89 -> Q226.0 | R89: =E89&M89&F89&G89&M89&H89&I89 -> E0153V0-¶出料门电磁阀1开门¶Discharge door valve 1
A90: 2 | B90: 2 | C90: Q226.1 | D90: =RI5-DO01 | E90: =TRIM(MID(SUBSTITUTE($J90,":",REPT(" ",40)),1,40)) -> E0153V0- | F90: =TRIM(MID(SUBSTITUTE($J90,":",REPT(" ",40)),40,40)) -> 出料门电磁阀2 | G90: =TRIM(MID(SUBSTITUTE($J90,":",REPT(" ",40)),80,40)) -> 关门 | H90: =TRIM(MID(SUBSTITUTE($J90,":",REPT(" ",40)),120,40)) -> Discharge door valve 2 | I90: =TRIM(MID(SUBSTITUTE($J90,":",REPT(" ",40)),160,40)) | J90: E0153V0-:出料门电磁阀2:关门:Discharge door valve 2:Close | M90: ¶ | N90: - | O90: =D90 -> =RI5-DO01 | P90: =A90 -> 2 | Q90: =C90 -> Q226.1 | R90: =E90&M90&F90&G90&M90&H90&I90 -> E0153V0-¶出料门电磁阀2关门¶Discharge door valve 2
A91: 3 | B91: 3 | C91: Q226.2 | D91: =RI5-DO01 | E91: =TRIM(MID(SUBSTITUTE($J91,":",REPT(" ",40)),1,40)) -> E0153V1 | F91: =TRIM(MID(SUBSTITUTE($J91,":",REPT(" ",40)),40,40)) -> 左一截止阀 | G91: =TRIM(MID(SUBSTITUTE($J91,":",REPT(" ",40)),80,40)) -> 开阀 | H91: =TRIM(MID(SUBSTITUTE($J91,":",REPT(" ",40)),120,40)) -> Solenoid valve | I91: =TRIM(MID(SUBSTITUTE($J91,":",REPT(" ",40)),160,40)) -> Start | J91: E0153V1:左一截止阀:开阀:Solenoid valve:Start | M91: ¶ | N91: - | O91: =D91 -> =RI5-DO01 | P91: =A91 -> 3 | Q91: =C91 -> Q226.2 | R91: =E91&M91&F91&G91&M91&H91&I91 -> E0153V1¶左一截止阀开阀¶Solenoid valveStart
A92: 4 | B92: 4 | C92: Q226.3 | D92: =RI5-DO01 | E92: =TRIM(MID(SUBSTITUTE($J92,":",REPT(" ",40)),1,40)) -> E0153V2 | F92: =TRIM(MID(SUBSTITUTE($J92,":",REPT(" ",40)),40,40)) -> 左一喷吹阀 | G92: =TRIM(MID(SUBSTITUTE($J92,":",REPT(" ",40)),80,40)) -> 开阀 | H92: =TRIM(MID(SUBSTITUTE($J92,":",REPT(" ",40)),120,40)) -> Solenoid valve | I92: =TRIM(MID(SUBSTITUTE($J92,":",REPT(" ",40)),160,40)) -> Start | J92: E0153V2:左一喷吹阀:开阀:Solenoid valve:Start | M92: ¶ | N92: - | O92: =D92 -> =RI5-DO01 | P92: =A92 -> 4 | Q92: =C92 -> Q226.3 | R92: =E92&M92&F92&G92&M92&H92&I92 -> E0153V2¶左一喷吹阀开阀¶Solenoid valveStart
A93: 5 | B93: 5 | C93: Q226.4 | D93: =RI5-DO01 | E93: =TRIM(MID(SUBSTITUTE($J93,":",REPT(" ",40)),1,40)) -> E0153V3 | F93: =TRIM(MID(SUBSTITUTE($J93,":",REPT(" ",40)),40,40)) -> 左一气雾化 | G93: =TRIM(MID(SUBSTITUTE($J93,":",REPT(" ",40)),80,40)) -> 开阀 | H93: =TRIM(MID(SUBSTITUTE($J93,":",REPT(" ",40)),120,40)) -> Solenoid valve | I93: =TRIM(MID(SUBSTITUTE($J93,":",REPT(" ",40)),160,40)) -> Start | J93: E0153V3:左一气雾化:开阀:Solenoid valve:Start | M93: ¶ | N93: - | O93: =D93 -> =RI5-DO01 | P93: =A93 -> 5 | Q93: =C93 -> Q226.4 | R93: =E93&M93&F93&G93&M93&H93&I93 -> E0153V3¶左一气雾化开阀¶Solenoid valveStart
A94: 6 | B94: 6 | C94: Q226.5 | D94: =RI5-DO01 | E94: =TRIM(MID(SUBSTITUTE($J94,":",REPT(" ",40)),1,40)) -> E0153V4 | F94: =TRIM(MID(SUBSTITUTE($J94,":",REPT(" ",40)),40,40)) -> 左二截止阀 | G94: =TRIM(MID(SUBSTITUTE($J94,":",REPT(" ",40)),80,40)) -> 开阀 | H94: =TRIM(MID(SUBSTITUTE($J94,":",REPT(" ",40)),120,40)) -> Solenoid valve | I94: =TRIM(MID(SUBSTITUTE($J94,":",REPT(" ",40)),160,40)) -> Start | J94: E0153V4:左二截止阀:开阀:Solenoid valve:Start | M94: ¶ | N94: - | O94: =D94 -> =RI5-DO01 | P94: =A94 -> 6 | Q94: =C94 -> Q226.5 | R94: =E94&M94&F94&G94&M94&H94&I94 -> E0153V4¶左二截止阀开阀¶Solenoid valveStart
A95: 7 | B95: 7 | C95: Q226.6 | D95: =RI5-DO01 | E95: =TRIM(MID(SUBSTITUTE($J95,":",REPT(" ",40)),1,40)) -> E0153V5 | F95: =TRIM(MID(SUBSTITUTE($J95,":",REPT(" ",40)),40,40)) -> 左二喷吹阀 | G95: =TRIM(MID(SUBSTITUTE($J95,":",REPT(" ",40)),80,40)) -> 开阀 | H95: =TRIM(MID(SUBSTITUTE($J95,":",REPT(" ",40)),120,40)) -> Solenoid valve | I95: =TRIM(MID(SUBSTITUTE($J95,":",REPT(" ",40)),160,40)) -> Start | J95: E0153V5:左二喷吹阀:开阀:Solenoid valve:Start | M95: ¶ | N95: - | O95: =D95 -> =RI5-DO01 | P95: =A95 -> 7 | Q95: =C95 -> Q226.6 | R95: =E95&M95&F95&G95&M95&H95&I95 -> E0153V5¶左二喷吹阀开阀¶Solenoid valveStart
A96: 8 | B96: 8 | C96: Q226.7 | D96: =RI5-DO01 | E96: =TRIM(MID(SUBSTITUTE($J96,":",REPT(" ",40)),1,40)) -> E0153V6 | F96: =TRIM(MID(SUBSTITUTE($J96,":",REPT(" ",40)),40,40)) -> 左二气雾化 | G96: =TRIM(MID(SUBSTITUTE($J96,":",REPT(" ",40)),80,40)) -> 开阀 | H96: =TRIM(MID(SUBSTITUTE($J96,":",REPT(" ",40)),120,40)) -> Solenoid valve | I96: =TRIM(MID(SUBSTITUTE($J96,":",REPT(" ",40)),160,40)) -> Start | J96: E0153V6:左二气雾化:开阀:Solenoid valve:Start | M96: ¶ | N96: - | O96: =D96 -> =RI5-DO01 | P96: =A96 -> 8 | Q96: =C96 -> Q226.7 | R96: =E96&M96&F96&G96&M96&H96&I96 -> E0153V6¶左二气雾化开阀¶Solenoid valveStart
A97: 9 | B97: 9 | C97: Q227.0 | D97: =RI5-DO01 | E97: =TRIM(MID(SUBSTITUTE($J97,":",REPT(" ",40)),1,40)) -> E0153V7 | F97: =TRIM(MID(SUBSTITUTE($J97,":",REPT(" ",40)),40,40)) -> 右一截止阀 | G97: =TRIM(MID(SUBSTITUTE($J97,":",REPT(" ",40)),80,40)) -> 开阀 | H97: =TRIM(MID(SUBSTITUTE($J97,":",REPT(" ",40)),120,40)) -> Solenoid valve | I97: =TRIM(MID(SUBSTITUTE($J97,":",REPT(" ",40)),160,40)) -> Start | J97: E0153V7:右一截止阀:开阀:Solenoid valve:Start | M97: ¶ | N97: - | O97: =D97 -> =RI5-DO01 | P97: =A97 -> 9 | Q97: =C97 -> Q227.0 | R97: =E97&M97&F97&G97&M97&H97&I97 -> E0153V7¶右一截止阀开阀¶Solenoid valveStart
A98: 10 | B98: 10 | C98: Q227.1 | D98: =RI5-DO01 | E98: =TRIM(MID(SUBSTITUTE($J98,":",REPT(" ",40)),1,40)) -> E0153V8 | F98: =TRIM(MID(SUBSTITUTE($J98,":",REPT(" ",40)),40,40)) -> 右一喷吹阀 | G98: =TRIM(MID(SUBSTITUTE($J98,":",REPT(" ",40)),80,40)) -> 开阀 | H98: =TRIM(MID(SUBSTITUTE($J98,":",REPT(" ",40)),120,40)) -> Solenoid valve | I98: =TRIM(MID(SUBSTITUTE($J98,":",REPT(" ",40)),160,40)) -> Start | J98: E0153V8:右一喷吹阀:开阀:Solenoid valve:Start | M98: ¶ | N98: - | O98: =D98 -> =RI5-DO01 | P98: =A98 -> 10 | Q98: =C98 -> Q227.1 | R98: =E98&M98&F98&G98&M98&H98&I98 -> E0153V8¶右一喷吹阀开阀¶Solenoid valveStart
A99: 11 | B99: 11 | C99: Q227.2 | D99: =RI5-DO01 | E99: =TRIM(MID(SUBSTITUTE($J99,":",REPT(" ",40)),1,40)) -> E0153V9 | F99: =TRIM(MID(SUBSTITUTE($J99,":",REPT(" ",40)),40,40)) -> 右一气雾化 | G99: =TRIM(MID(SUBSTITUTE($J99,":",REPT(" ",40)),80,40)) -> 开阀 | H99: =TRIM(MID(SUBSTITUTE($J99,":",REPT(" ",40)),120,40)) -> Solenoid valve | I99: =TRIM(MID(SUBSTITUTE($J99,":",REPT(" ",40)),160,40)) -> Start | J99: E0153V9:右一气雾化:开阀:Solenoid valve:Start | M99: ¶ | N99: - | O99: =D99 -> =RI5-DO01 | P99: =A99 -> 11 | Q99: =C99 -> Q227.2 | R99: =E99&M99&F99&G99&M99&H99&I99 -> E0153V9¶右一气雾化开阀¶Solenoid valveStart
A100: 12 | B100: 12 | C100: Q227.3 | D100: =RI5-DO01 | E100: =TRIM(MID(SUBSTITUTE($J100,":",REPT(" ",40)),1,40)) -> E0153V10 | F100: =TRIM(MID(SUBSTITUTE($J100,":",REPT(" ",40)),40,40)) -> 右二截止阀 | G100: =TRIM(MID(SUBSTITUTE($J100,":",REPT(" ",40)),80,40)) -> 开阀 | H100: =TRIM(MID(SUBSTITUTE($J100,":",REPT(" ",40)),120,40)) -> Solenoid valve | I100: =TRIM(MID(SUBSTITUTE($J100,":",REPT(" ",40)),160,40)) -> Start | J100: E0153V10:右二截止阀:开阀:Solenoid valve:Start | M100: ¶ | N100: - | O100: =D100 -> =RI5-DO01 | P100: =A100 -> 12 | Q100: =C100 -> Q227.3 | R100: =E100&M100&F100&G100&M100&H100&I100 -> E0153V10¶右二截止阀开阀¶Solenoid valveStart
... A128: 8 | B128: 40 | C128: Q230.7 | D128: =RI5-DO03 | E128: =TRIM(MID(SUBSTITUTE($J128,":",REPT(" ",40)),1,40)) -> E0173 | F128: =TRIM(MID(SUBSTITUTE($J128,":",REPT(" ",40)),40,40)) -> 提升机箱 | G128: =TRIM(MID(SUBSTITUTE($J128,":",REPT(" ",40)),80,40)) -> 信号控制2 | H128: =TRIM(MID(SUBSTITUTE($J128,":",REPT(" ",40)),120,40)) | I128: =TRIM(MID(SUBSTITUTE($J128,":",REPT(" ",40)),160,40)) | J128: E0173:提升机箱:信号控制2 | M128: ¶ | N128: - | O128: =D128 -> =RI5-DO03 | P128: =A128 -> 8 | Q128: =C128 -> Q230.7 | R128: =E128&M128&F128&G128&M128&H128&I128 -> E0173¶提升机箱信号控制2¶
A129: 9 | B129: 41 | C129: Q231.0 | D129: =RI5-DO03 | F129: 喷涂机启动 | G129: =TRIM(MID(SUBSTITUTE($J129,":",REPT(" ",40)),80,40)) | H129: 后改 | I129: =TRIM(MID(SUBSTITUTE($J129,":",REPT(" ",40)),160,40)) | J129: 备用 Spare | M129: ¶ | N129: - | O129: =D129 -> =RI5-DO03 | P129: =A129 -> 9 | Q129: =C129 -> Q231.0 | R129: =E129&M129&F129&G129&M129&H129&I129 -> ¶喷涂机启动¶后改
A130: 10 | B130: 42 | C130: Q231.1 | D130: =RI5-DO03 | F130: 回料手投口气锤 | G130: =TRIM(MID(SUBSTITUTE($J130,":",REPT(" ",40)),80,40)) | H130: =TRIM(MID(SUBSTITUTE($J130,":",REPT(" ",40)),120,40)) | I130: =TRIM(MID(SUBSTITUTE($J130,":",REPT(" ",40)),160,40)) | J130: 备用 Spare | M130: ¶ | N130: - | O130: =D130 -> =RI5-DO03 | P130: =A130 -> 10 | Q130: =C130 -> Q231.1 | R130: =E130&M130&F130&G130&M130&H130&I130 -> ¶回料手投口气锤¶
A131: 11 | B131: 43 | C131: Q231.2 | D131: =RI5-DO03 | F131: 给烘干机连锁 | G131: 20240123改 | H131: =TRIM(MID(SUBSTITUTE($J131,":",REPT(" ",40)),120,40)) | I131: =TRIM(MID(SUBSTITUTE($J131,":",REPT(" ",40)),160,40)) | J131: 备用 Spare | M131: ¶ | N131: - | O131: =D131 -> =RI5-DO03 | P131: =A131 -> 11 | Q131: =C131 -> Q231.2 | R131: =E131&M131&F131&G131&M131&H131&I131 -> ¶给烘干机连锁20240123改¶
A132: 12 | B132: 44 | C132: Q231.3 | D132: =RI5-DO03 | E132: =TRIM(MID(SUBSTITUTE($J132,":",REPT(" ",40)),1,40)) -> 备用 Spare | F132: 给烘干膨化后段超载机连锁 | G132: 20240123改 | H132: =TRIM(MID(SUBSTITUTE($J132,":",REPT(" ",40)),120,40)) | I132: =TRIM(MID(SUBSTITUTE($J132,":",REPT(" ",40)),160,40)) | J132: 备用 Spare | M132: ¶ | N132: - | O132: =D132 -> =RI5-DO03 | P132: =A132 -> 12 | Q132: =C132 -> Q231.3 | R132: =E132&M132&F132&G132&M132&H132&I132 -> 备用 Spare¶给烘干膨化后段超载机连锁20240123改¶
A133: 13 | B133: 45 | C133: Q231.4 | D133: =RI5-DO03 | E133: =TRIM(MID(SUBSTITUTE($J133,":",REPT(" ",40)),1,40)) -> 备用 Spare | F133: =TRIM(MID(SUBSTITUTE($J133,":",REPT(" ",40)),40,40)) | G133: =TRIM(MID(SUBSTITUTE($J133,":",REPT(" ",40)),80,40)) | H133: =TRIM(MID(SUBSTITUTE($J133,":",REPT(" ",40)),120,40)) | I133: =TRIM(MID(SUBSTITUTE($J133,":",REPT(" ",40)),160,40)) | J133: 备用 Spare | M133: ¶ | N133: - | O133: =D133 -> =RI5-DO03 | P133: =A133 -> 13 | Q133: =C133 -> Q231.4 | R133: =E133&M133&F133&G133&M133&H133&I133 -> 备用 Spare¶¶
A134: 14 | B134: 46 | C134: Q231.5 | D134: =RI5-DO03 | E134: =TRIM(MID(SUBSTITUTE($J134,":",REPT(" ",40)),1,40)) -> 备用 Spare | F134: =TRIM(MID(SUBSTITUTE($J134,":",REPT(" ",40)),40,40)) | G134: =TRIM(MID(SUBSTITUTE($J134,":",REPT(" ",40)),80,40)) | H134: =TRIM(MID(SUBSTITUTE($J134,":",REPT(" ",40)),120,40)) | I134: =TRIM(MID(SUBSTITUTE($J134,":",REPT(" ",40)),160,40)) | J134: 备用 Spare | M134: ¶ | N134: - | O134: =D134 -> =RI5-DO03 | P134: =A134 -> 14 | Q134: =C134 -> Q231.5 | R134: =E134&M134&F134&G134&M134&H134&I134 -> 备用 Spare¶¶
A135: 15 | B135: 47 | C135: Q231.6 | D135: =RI5-DO03 | E135: =TRIM(MID(SUBSTITUTE($J135,":",REPT(" ",40)),1,40)) -> 备用 Spare | F135: =TRIM(MID(SUBSTITUTE($J135,":",REPT(" ",40)),40,40)) | G135: =TRIM(MID(SUBSTITUTE($J135,":",REPT(" ",40)),80,40)) | H135: =TRIM(MID(SUBSTITUTE($J135,":",REPT(" ",40)),120,40)) | I135: =TRIM(MID(SUBSTITUTE($J135,":",REPT(" ",40)),160,40)) | J135: 备用 Spare | M135: ¶ | N135: - | O135: =D135 -> =RI5-DO03 | P135: =A135 -> 15 | Q135: =C135 -> Q231.6 | R135: =E135&M135&F135&G135&M135&H135&I135 -> 备用 Spare¶¶
A136: 16 | B136: 48 | C136: Q231.7 | D136: =RI5-DO03 | E136: =TRIM(MID(SUBSTITUTE($J136,":",REPT(" ",40)),1,40)) -> 备用 Spare | F136: =TRIM(MID(SUBSTITUTE($J136,":",REPT(" ",40)),40,40)) | G136: =TRIM(MID(SUBSTITUTE($J136,":",REPT(" ",40)),80,40)) | H136: =TRIM(MID(SUBSTITUTE($J136,":",REPT(" ",40)),120,40)) | I136: =TRIM(MID(SUBSTITUTE($J136,":",REPT(" ",40)),160,40)) | J136: 备用 Spare | M136: ¶ | N136: - | O136: =D136 -> =RI5-DO03 | P136: =A136 -> 16 | Q136: =C136 -> Q231.7 | R136: =E136&M136&F136&G136&M136&H136&I136 -> 备用 Spare¶¶

Sheet PLC1
B1: 序号 | C1: 地址 | D1: 符号表 | E1: 设备编号 | F1: 设备名称 | G1: 信号名称 | H1: 备注
B9: 输入
B10: 序号 | C10: 地址 | D10: 符号表 | E10: 设备编号 | F10: 设备名称 | G10: 信号名称 | H10: 设备名称（英文） | I10: 信号名称（英文） | J10: 标签 | K10: 备注 | L10: 柜号
A11: 1 | B11: 1 | C11: I244.0 | D11: =RI6-DI01 | E11: =TRIM(MID(SUBSTITUTE($J11,":",REPT(" ",40)),1,40)) -> DY1 | F11: =TRIM(MID(SUBSTITUTE($J11,":",REPT(" ",40)),40,40)) -> 控制电源 | G11: =TRIM(MID(SUBSTITUTE($J11,":",REPT(" ",40)),80,40)) -> 正常 | H11: =TRIM(MID(SUBSTITUTE($J11,":",REPT(" ",40)),120,40)) -> Control power | I11: =TRIM(MID(SUBSTITUTE($J11,":",REPT(" ",40)),160,40)) -> OK | J11: DY1:控制电源:正常:Control power:OK | M11: ¶ | N11: - | O11: =D11 -> =RI6-DI01 | P11: =A11 -> 1 | Q11: =C11 -> I244.0 | R11: =E11&M11&F11&G11&M11&H11&I11 -> DY1¶控制电源正常¶Control powerOK
A12: 2 | B12: 2 | C12: I244.1 | D12: =RI6-DI01 | E12: =TRIM(MID(SUBSTITUTE($J12,":",REPT(" ",40)),1,40)) -> VD23 | F12: =TRIM(MID(SUBSTITUTE($J12,":",REPT(" ",40)),40,40)) -> 气动闸门 | G12: =TRIM(MID(SUBSTITUTE($J12,":",REPT(" ",40)),80,40)) -> 开门到位 | H12: =TRIM(MID(SUBSTITUTE($J12,":",REPT(" ",40)),120,40)) -> Pneumatic Valve | I12: =TRIM(MID(SUBSTITUTE($J12,":",REPT(" ",40)),160,40)) -> Openning | J12: VD23:气动闸门:开门到位:Pneumatic Valve:Openning | M12: ¶ | N12: - | O12: =D12 -> =RI6-DI01 | P12: =A12 -> 2 | Q12: =C12 -> I244.1 | R12: =E12&M12&F12&G12&M12&H12&I12 -> VD23¶气动闸门开门到位¶Pneumatic ValveOpenning
A13: 3 | B13: 3 | C13: I244.2 | D13: =RI6-DI01 | E13: =TRIM(MID(SUBSTITUTE($J13,":",REPT(" ",40)),1,40)) -> VD23 | F13: =TRIM(MID(SUBSTITUTE($J13,":",REPT(" ",40)),40,40)) -> 气动闸门 | G13: =TRIM(MID(SUBSTITUTE($J13,":",REPT(" ",40)),80,40)) -> 关门到位 | H13: =TRIM(MID(SUBSTITUTE($J13,":",REPT(" ",40)),120,40)) -> Pneumatic Valve | I13: =TRIM(MID(SUBSTITUTE($J13,":",REPT(" ",40)),160,40)) -> Closing | J13: VD23:气动闸门:关门到位:Pneumatic Valve:Closing | M13: ¶ | N13: - | O13: =D13 -> =RI6-DI01 | P13: =A13 -> 3 | Q13: =C13 -> I244.2 | R13: =E13&M13&F13&G13&M13&H13&I13 -> VD23¶气动闸门关门到位¶Pneumatic ValveClosing
A14: 4 | B14: 4 | C14: I244.3 | D14: =RI6-DI01 | E14: =TRIM(MID(SUBSTITUTE($J14,":",REPT(" ",40)),1,40)) -> VD05 | F14: =TRIM(MID(SUBSTITUTE($J14,":",REPT(" ",40)),40,40)) -> 气动闸门 | G14: =TRIM(MID(SUBSTITUTE($J14,":",REPT(" ",40)),80,40)) -> 开门到位 | H14: =TRIM(MID(SUBSTITUTE($J14,":",REPT(" ",40)),120,40)) -> Pneumatic Valve | I14: =TRIM(MID(SUBSTITUTE($J14,":",REPT(" ",40)),160,40)) -> Openning | J14: VD05:气动闸门:开门到位:Pneumatic Valve:Openning | M14: ¶ | N14: - | O14: =D14 -> =RI6-DI01 | P14: =A14 -> 4 | Q14: =C14 -> I244.3 | R14: =E14&M14&F14&G14&M14&H14&I14 -> VD05¶气动闸门开门到位¶Pneumatic ValveOpenning
A15: 5 | B15: 5 | C15: I244.4 | D15: =RI6-DI01 | E15: =TRIM(MID(SUBSTITUTE($J15,":",REPT(" ",40)),1,40)) -> VD05 | F15: =TRIM(MID(SUBSTITUTE($J15,":",REPT(" ",40)),40,40)) -> 气动闸门 | G15: =TRIM(MID(SUBSTITUTE($J15,":",REPT(" ",40)),80,40)) -> 关门到位 | H15: =TRIM(MID(SUBSTITUTE($J15,":",REPT(" ",40)),120,40)) -> Pneumatic Valve | I15: =TRIM(MID(SUBSTITUTE($J15,":",REPT(" ",40)),160,40)) -> Closing | J15: VD05:气动闸门:关门到位:Pneumatic Valve:Closing | M15: ¶ | N15: - | O15: =D15 -> =RI6-DI01 | P15: =A15 -> 5 | Q15: =C15 -> I244.4 | R15: =E15&M15&F15&G15&M15&H15&I15 -> VD05¶气动闸门关门到位¶Pneumatic ValveClosing
A16: 6 | B16: 6 | C16: I244.5 | D16: =RI6-DI01 | E16: =TRIM(MID(SUBSTITUTE($J16,":",REPT(" ",40)),1,40)) -> VD06 | F16: =TRIM(MID(SUBSTITUTE($J16,":",REPT(" ",40)),40,40)) -> 气动闸门 | G16: =TRIM(MID(SUBSTITUTE($J16,":",REPT(" ",40)),80,40)) -> 开门到位 | H16: =TRIM(MID(SUBSTITUTE($J16,":",REPT(" ",40)),120,40)) -> Pneumatic Valve | I16: =TRIM(MID(SUBSTITUTE($J16,":",REPT(" ",40)),160,40)) -> Openning | J16: VD06:气动闸门:开门到位:Pneumatic Valve:Openning | M16: ¶ | N16: - | O16: =D16 -> =RI6-DI01 | P16: =A16 -> 6 | Q16: =C16 -> I244.5 | R16: =E16&M16&F16&G16&M16&H16&I16 -> VD06¶气动闸门开门到位¶Pneumatic ValveOpenning
A17: 7 | B17: 7 | C17: I244.6 | D17: =RI6-DI01 | E17: =TRIM(MID(SUBSTITUTE($J17,":",REPT(" ",40)),1,40)) -> VD06 | F17: =TRIM(MID(SUBSTITUTE($J17,":",REPT(" ",40)),40,40)) -> 气动闸门 | G17: =TRIM(MID(SUBSTITUTE($J17,":",REPT(" ",40)),80,40)) -> 关门到位 | H17: =TRIM(MID(SUBSTITUTE($J17,":",REPT(" ",40)),120,40)) -> Pneumatic Valve | I17: =TRIM(MID(SUBSTITUTE($J17,":",REPT(" ",40)),160,40)) -> Closing | J17: VD06:气动闸门:关门到位:Pneumatic Valve:Closing | M17: ¶ | N17: - | O17: =D17 -> =RI6-DI01 | P17: =A17 -> 7 | Q17: =C17 -> I244.6 | R17: =E17&M17&F17&G17&M17&H17&I17 -> VD06¶气动闸门关门到位¶Pneumatic ValveClosing
A18: 8 | B18: 8 | C18: I244.7 | D18: =RI6-DI01 | E18: =TRIM(MID(SUBSTITUTE($J18,":",REPT(" ",40)),1,40)) -> VD07 | F18: =TRIM(MID(SUBSTITUTE($J18,":",REPT(" ",40)),40,40)) -> 气动闸门 | G18: =TRIM(MID(SUBSTITUTE($J18,":",REPT(" ",40)),80,40)) -> 开门到位 | H18: =TRIM(MID(SUBSTITUTE($J18,":",REPT(" ",40)),120,40)) -> Pneumatic Valve | I18: =TRIM(MID(SUBSTITUTE($J18,":",REPT(" ",40)),160,40)) -> Openning | J18: VD07:气动闸门:开门到位:Pneumatic Valve:Openning | M18: ¶ | N18: - | O18: =D18 -> =RI6-DI01 | P18: =A18 -> 8 | Q18: =C18 -> I244.7 | R18: =E18&M18&F18&G18&M18&H18&I18 -> VD07¶气动闸门开门到位¶Pneumatic ValveOpenning
A19: 9 | B19: 9 | C19: I245.0 | D19: =RI6-DI01 | E19: =TRIM(MID(SUBSTITUTE($J19,":",REPT(" ",40)),1,40)) -> VD07 | F19: =TRIM(MID(SUBSTITUTE($J19,":",REPT(" ",40)),40,40)) -> 气动闸门 | G19: =TRIM(MID(SUBSTITUTE($J19,":",REPT(" ",40)),80,40)) -> 关门到位 | H19: =TRIM(MID(SUBSTITUTE($J19,":",REPT(" ",40)),120,40)) -> Pneumatic Valve | I19: =TRIM(MID(SUBSTITUTE($J19,":",REPT(" ",40)),160,40)) -> Closing | J19: VD07:气动闸门:关门到位:Pneumatic Valve:Closing | M19: ¶ | N19: - | O19: =D19 -> =RI6-DI01 | P19: =A19 -> 9 | Q19: =C19 -> I245.0 | R19: =E19&M19&F19&G19&M19&H19&I19 -> VD07¶气动闸门关门到位¶Pneumatic ValveClosing
A20: 10 | B20: 10 | C20: I245.1 | D20: =RI6-DI01 | E20: =TRIM(MID(SUBSTITUTE($J20,":",REPT(" ",40)),1,40)) -> B0101 | F20: =TRIM(MID(SUBSTITUTE($J20,":",REPT(" ",40)),40,40)) -> 秤门 | G20: =TRIM(MID(SUBSTITUTE($J20,":",REPT(" ",40)),80,40)) -> 开门到位 | H20: =TRIM(MID(SUBSTITUTE($J20,":",REPT(" ",40)),120,40)) -> Pneumatic Valve | I20: =TRIM(MID(SUBSTITUTE($J20,":",REPT(" ",40)),160,40)) -> Openning | J20: B0101:秤门:开门到位:Pneumatic Valve:Openning | M20: ¶ | N20: - | O20: =D20 -> =RI6-DI01 | P20: =A20 -> 10 | Q20: =C20 -> I245.1 | R20: =E20&M20&F20&G20&M20&H20&I20 -> B0101¶秤门开门到位¶Pneumatic ValveOpenning
A21: 11 | B21: 11 | C21: I245.2 | D21: =RI6-DI01 | E21: =TRIM(MID(SUBSTITUTE($J21,":",REPT(" ",40)),1,40)) -> B0101 | F21: =TRIM(MID(SUBSTITUTE($J21,":",REPT(" ",40)),40,40)) -> 秤门 | G21: =TRIM(MID(SUBSTITUTE($J21,":",REPT(" ",40)),80,40)) -> 关门到位 | H21: =TRIM(MID(SUBSTITUTE($J21,":",REPT(" ",40)),120,40)) -> Pneumatic Valve | I21: =TRIM(MID(SUBSTITUTE($J21,":",REPT(" ",40)),160,40)) -> Closing | J21: B0101:秤门:关门到位:Pneumatic Valve:Closing | M21: ¶ | N21: - | O21: =D21 -> =RI6-DI01 | P21: =A21 -> 11 | Q21: =C21 -> I245.2 | R21: =E21&M21&F21&G21&M21&H21&I21 -> B0101¶秤门关门到位¶Pneumatic ValveClosing
A22: 12 | B22: 12 | C22: I245.3 | D22: =RI6-DI01 | E22: =TRIM(MID(SUBSTITUTE($J22,":",REPT(" ",40)),1,40)) -> B0102 | F22: =TRIM(MID(SUBSTITUTE($J22,":",REPT(" ",40)),40,40)) -> 蝶阀 | G22: =TRIM(MID(SUBSTITUTE($J22,":",REPT(" ",40)),80,40)) -> 开门到位 | H22: =TRIM(MID(SUBSTITUTE($J22,":",REPT(" ",40)),120,40)) -> Pneumatic Valve | I22: =TRIM(MID(SUBSTITUTE($J22,":",REPT(" ",40)),160,40)) -> Openning | J22: B0102:蝶阀:开门到位:Pneumatic Valve:Openning | M22: ¶ | N22: - | O22: =D22 -> =RI6-DI01 | P22: =A22 -> 12 | Q22: =C22 -> I245.3 | R22: =E22&M22&F22&G22&M22&H22&I22 -> B0102¶蝶阀开门到位¶Pneumatic ValveOpenning
... A143: 5 | B143: 133 | C143: I260.4 | D143: =RI6-DI09 | E143: =TRIM(MID(SUBSTITUTE($J143,":",REPT(" ",40)),1,40)) -> D24 | F143: =TRIM(MID(SUBSTITUTE($J143,":",REPT(" ",40)),40,40)) -> 气锤/下料位 | G143: =TRIM(MID(SUBSTITUTE($J143,":",REPT(" ",40)),80,40)) -> 下料位 | H143: =TRIM(MID(SUBSTITUTE($J143,":",REPT(" ",40)),120,40)) -> Hammer/Low Level | I143: =TRIM(MID(SUBSTITUTE($J143,":",REPT(" ",40)),160,40)) -> Low level | J143: D24:气锤/下料位:下料位:Hammer/Low Level:Low level | M143: ¶ | N143: - | O143: =D143 -> =RI6-DI09 | P143: =A143 -> 5 | Q143: =C143 -> I260.4 | R143: =E143&M143&F143&G143&M143&H143&I143 -> D24¶气锤/下料位下料位¶Hammer/Low LevelLow level
A144: 6 | B144: 134 | C144: I260.5 | D144: =RI6-DI09 | E144: =TRIM(MID(SUBSTITUTE($J144,":",REPT(" ",40)),1,40)) -> D25 | F144: =TRIM(MID(SUBSTITUTE($J144,":",REPT(" ",40)),40,40)) -> 备用下料位 | G144: =TRIM(MID(SUBSTITUTE($J144,":",REPT(" ",40)),80,40)) -> 下料位 | H144: =TRIM(MID(SUBSTITUTE($J144,":",REPT(" ",40)),120,40)) -> SPARE | I144: =TRIM(MID(SUBSTITUTE($J144,":",REPT(" ",40)),160,40)) | J144: D25:备用下料位:下料位:SPARE: | M144: ¶ | N144: - | O144: =D144 -> =RI6-DI09 | P144: =A144 -> 6 | Q144: =C144 -> I260.5 | R144: =E144&M144&F144&G144&M144&H144&I144 -> D25¶备用下料位下料位¶SPARE | V144: 25号仓取消
A145: 7 | B145: 135 | C145: I260.6 | D145: =RI6-DI09 | E145: =TRIM(MID(SUBSTITUTE($J145,":",REPT(" ",40)),1,40)) -> VP01 | F145: =TRIM(MID(SUBSTITUTE($J145,":",REPT(" ",40)),40,40)) -> 气锤/下料位 | G145: =TRIM(MID(SUBSTITUTE($J145,":",REPT(" ",40)),80,40)) -> 下料位 | H145: =TRIM(MID(SUBSTITUTE($J145,":",REPT(" ",40)),120,40)) -> Hammer/Low Level | I145: =TRIM(MID(SUBSTITUTE($J145,":",REPT(" ",40)),160,40)) -> Low level | J145: VP01:气锤/下料位:下料位:Hammer/Low Level:Low level | M145: ¶ | N145: - | O145: =D145 -> =RI6-DI09 | P145: =A145 -> 7 | Q145: =C145 -> I260.6 | R145: =E145&M145&F145&G145&M145&H145&I145 -> VP01¶气锤/下料位下料位¶Hammer/Low LevelLow level
A146: 8 | B146: 136 | C146: I260.7 | D146: =RI6-DI09 | E146: =TRIM(MID(SUBSTITUTE($J146,":",REPT(" ",40)),1,40)) -> VP02 | F146: =TRIM(MID(SUBSTITUTE($J146,":",REPT(" ",40)),40,40)) -> 气锤/下料位 | G146: =TRIM(MID(SUBSTITUTE($J146,":",REPT(" ",40)),80,40)) -> 下料位 | H146: =TRIM(MID(SUBSTITUTE($J146,":",REPT(" ",40)),120,40)) -> Hammer/Low Level | I146: =TRIM(MID(SUBSTITUTE($J146,":",REPT(" ",40)),160,40)) -> Low level | J146: VP02:气锤/下料位:下料位:Hammer/Low Level:Low level | M146: ¶ | N146: - | O146: =D146 -> =RI6-DI09 | P146: =A146 -> 8 | Q146: =C146 -> I260.7 | R146: =E146&M146&F146&G146&M146&H146&I146 -> VP02¶气锤/下料位下料位¶Hammer/Low LevelLow level
A147: 9 | B147: 137 | C147: I261.0 | D147: =RI6-DI09 | E147: =TRIM(MID(SUBSTITUTE($J147,":",REPT(" ",40)),1,40)) -> VP03 | F147: =TRIM(MID(SUBSTITUTE($J147,":",REPT(" ",40)),40,40)) -> 气锤/下料位 | G147: =TRIM(MID(SUBSTITUTE($J147,":",REPT(" ",40)),80,40)) -> 下料位 | H147: =TRIM(MID(SUBSTITUTE($J147,":",REPT(" ",40)),120,40)) -> Hammer/Low Level | I147: =TRIM(MID(SUBSTITUTE($J147,":",REPT(" ",40)),160,40)) -> Low level | J147: VP03:气锤/下料位:下料位:Hammer/Low Level:Low level | M147: ¶ | N147: - | O147: =D147 -> =RI6-DI09 | P147: =A147 -> 9 | Q147: =C147 -> I261.0 | R147: =E147&M147&F147&G147&M147&H147&I147 -> VP03¶气锤/下料位下料位¶Hammer/Low LevelLow level
A148: 10 | B148: 138 | C148: I261.1 | D148: =RI6-DI09 | E148: =TRIM(MID(SUBSTITUTE($J148,":",REPT(" ",40)),1,40)) -> VP04 | F148: =TRIM(MID(SUBSTITUTE($J148,":",REPT(" ",40)),40,40)) -> 气锤/下料位 | G148: =TRIM(MID(SUBSTITUTE($J148,":",REPT(" ",40)),80,40)) -> 下料位 | H148: =TRIM(MID(SUBSTITUTE($J148,":",REPT(" ",40)),120,40)) -> Hammer/Low Level | I148: =TRIM(MID(SUBSTITUTE($J148,":",REPT(" ",40)),160,40)) -> Low level | J148: VP04:气锤/下料位:下料位:Hammer/Low Level:Low level | M148: ¶ | N148: - | O148: =D148 -> =RI6-DI09 | P148: =A148 -> 10 | Q148: =C148 -> I261.1 | R148: =E148&M148&F148&G148&M148&H148&I148 -> VP04¶气锤/下料位下料位¶Hammer/Low LevelLow level
A149: 11 | B149: 139 | C149: I261.2 | D149: =RI6-DI09 | E149: =TRIM(MID(SUBSTITUTE($J149,":",REPT(" ",40)),1,40)) -> VH01 | F149: =TRIM(MID(SUBSTITUTE($J149,":",REPT(" ",40)),40,40)) -> 气锤/下料位 | G149: =TRIM(MID(SUBSTITUTE($J149,":",REPT(" ",40)),80,40)) -> 下料位 | H149: =TRIM(MID(SUBSTITUTE($J149,":",REPT(" ",40)),120,40)) -> Hammer/Low Level | I149: =TRIM(MID(SUBSTITUTE($J149,":",REPT(" ",40)),160,40)) -> Low level | J149: VH01:气锤/下料位:下料位:Hammer/Low Level:Low level | M149: ¶ | N149: - | O149: =D149 -> =RI6-DI09 | P149: =A149 -> 11 | Q149: =C149 -> I261.2 | R149: =E149&M149&F149&G149&M149&H149&I149 -> VH01¶气锤/下料位下料位¶Hammer/Low LevelLow level
A150: 12 | B150: 140 | C150: I261.3 | D150: =RI6-DI09 | E150: =TRIM(MID(SUBSTITUTE($J150,":",REPT(" ",40)),1,40)) -> VH02 | F150: =TRIM(MID(SUBSTITUTE($J150,":",REPT(" ",40)),40,40)) -> 气锤/下料位 | G150: =TRIM(MID(SUBSTITUTE($J150,":",REPT(" ",40)),80,40)) -> 下料位 | H150: =TRIM(MID(SUBSTITUTE($J150,":",REPT(" ",40)),120,40)) -> Hammer/Low Level | I150: =TRIM(MID(SUBSTITUTE($J150,":",REPT(" ",40)),160,40)) -> Low level | J150: VH02:气锤/下料位:下料位:Hammer/Low Level:Low level | M150: ¶ | N150: - | O150: =D150 -> =RI6-DI09 | P150: =A150 -> 12 | Q150: =C150 -> I261.3 | R150: =E150&M150&F150&G150&M150&H150&I150 -> VH02¶气锤/下料位下料位¶Hammer/Low LevelLow level
A151: 13 | B151: 141 | C151: I261.4 | D151: =RI6-DI09 | E151: =TRIM(MID(SUBSTITUTE($J151,":",REPT(" ",40)),1,40)) -> VH03 | F151: =TRIM(MID(SUBSTITUTE($J151,":",REPT(" ",40)),40,40)) -> 气锤/下料位 | G151: =TRIM(MID(SUBSTITUTE($J151,":",REPT(" ",40)),80,40)) -> 下料位 | H151: =TRIM(MID(SUBSTITUTE($J151,":",REPT(" ",40)),120,40)) -> Hammer/Low Level | I151: =TRIM(MID(SUBSTITUTE($J151,":",REPT(" ",40)),160,40)) -> Low level | J151: VH03:气锤/下料位:下料位:Hammer/Low Level:Low level | M151: ¶ | N151: - | O151: =D151 -> =RI6-DI09 | P151: =A151 -> 13 | Q151: =C151 -> I261.4 | R151: =E151&M151&F151&G151&M151&H151&I151 -> VH03¶气锤/下料位下料位¶Hammer/Low LevelLow level
A152: 14 | B152: 142 | C152: I261.5 | D152: =RI6-DI09 | E152: =TRIM(MID(SUBSTITUTE($J152,":",REPT(" ",40)),1,40)) -> VH04 | F152: =TRIM(MID(SUBSTITUTE($J152,":",REPT(" ",40)),40,40)) -> 气锤/下料位 | G152: =TRIM(MID(SUBSTITUTE($J152,":",REPT(" ",40)),80,40)) -> 下料位 | H152: =TRIM(MID(SUBSTITUTE($J152,":",REPT(" ",40)),120,40)) -> Hammer/Low Level | I152: =TRIM(MID(SUBSTITUTE($J152,":",REPT(" ",40)),160,40)) -> Low level | J152: VH04:气锤/下料位:下料位:Hammer/Low Level:Low level | M152: ¶ | N152: - | O152: =D152 -> =RI6-DI09 | P152: =A152 -> 14 | Q152: =C152 -> I261.5 | R152: =E152&M152&F152&G152&M152&H152&I152 -> VH04¶气锤/下料位下料位¶Hammer/Low LevelLow level
A153: 15 | B153: 143 | C153: I261.6 | D153: =RI6-DI09 | E153: =TRIM(MID(SUBSTITUTE($J153,":",REPT(" ",40)),1,40)) -> M0104 | F153: =TRIM(MID(SUBSTITUTE($J153,":",REPT(" ",40)),40,40)) -> 气锤/下料位 | G153: =TRIM(MID(SUBSTITUTE($J153,":",REPT(" ",40)),80,40)) -> 下料位 | H153: =TRIM(MID(SUBSTITUTE($J153,":",REPT(" ",40)),120,40)) -> Hammer/Low Level | I153: =TRIM(MID(SUBSTITUTE($J153,":",REPT(" ",40)),160,40)) -> Low level | J153: M0104:气锤/下料位:下料位:Hammer/Low Level:Low level | M153: ¶ | N153: - | O153: =D153 -> =RI6-DI09 | P153: =A153 -> 15 | Q153: =C153 -> I261.6 | R153: =E153&M153&F153&G153&M153&H153&I153 -> M0104¶气锤/下料位下料位¶Hammer/Low LevelLow level
A154: 16 | B154: 144 | C154: I261.7 | D154: =RI6-DI09 | E154: =TRIM(MID(SUBSTITUTE($J154,":",REPT(" ",40)),1,40)) -> 2M0104 | F154: =TRIM(MID(SUBSTITUTE($J154,":",REPT(" ",40)),40,40)) -> 气锤/下料位 | G154: =TRIM(MID(SUBSTITUTE($J154,":",REPT(" ",40)),80,40)) -> 下料位 | H154: =TRIM(MID(SUBSTITUTE($J154,":",REPT(" ",40)),120,40)) -> Hammer/Low Level | I154: =TRIM(MID(SUBSTITUTE($J154,":",REPT(" ",40)),160,40)) -> Low leve | J154: 2M0104:气锤/下料位:下料位:Hammer/Low Level:Low level | M154: ¶ | N154: - | O154: =D154 -> =RI6-DI09 | P154: =A154 -> 16 | Q154: =C154 -> I261.7 | R154: =E154&M154&F154&G154&M154&H154&I154 -> 2M0104¶气锤/下料位下料位¶Hammer/Low LevelLow leve
A155: 1 | B155: 145 | C155: I262.0 | D155: =RI6-DI10 | E155: =TRIM(MID(SUBSTITUTE($J155,":",REPT(" ",40)),1,40)) -> 2M0116 | F155: =TRIM(MID(SUBSTITUTE($J155,":",REPT(" ",40)),40,40)) -> 气锤/下料位 | G155: =TRIM(MID(SUBSTITUTE($J155,":",REPT(" ",40)),80,40)) -> 下料位 | H155: =TRIM(MID(SUBSTITUTE($J155,":",REPT(" ",40)),120,40)) -> Hammer/Low Level | I155: =TRIM(MID(SUBSTITUTE($J155,":",REPT(" ",40)),160,40)) -> Low leve | J155: 2M0116:气锤/下料位:下料位:Hammer/Low Level:Low level | M155: ¶ | N155: - | O155: =D155 -> =RI6-DI10 | P155: =A155 -> 1 | Q155: =C155 -> I262.0 | R155: =E155&M155&F155&G155&M155&H155&I155 -> 2M0116¶气锤/下料位下料位¶Hammer/Low LevelLow leve
A156: 2 | B156: 146 | C156: I262.1 | D156: =RI6-DI10 | E156: =TRIM(MID(SUBSTITUTE($J156,":",REPT(" ",40)),1,40)) -> HL0103 | F156: =TRIM(MID(SUBSTITUTE($J156,":",REPT(" ",40)),40,40)) -> 气锤/下料位 | G156: =TRIM(MID(SUBSTITUTE($J156,":",REPT(" ",40)),80,40)) -> 下料位 | H156: =TRIM(MID(SUBSTITUTE($J156,":",REPT(" ",40)),120,40)) -> Hammer/Low Level | I156: =TRIM(MID(SUBSTITUTE($J156,":",REPT(" ",40)),160,40)) -> Low leve | J156: HL0103:气锤/下料位:下料位:Hammer/Low Level:Low level | M156: ¶ | N156: - | O156: =D156 -> =RI6-DI10 | P156: =A156 -> 2 | Q156: =C156 -> I262.1 | R156: =E156&M156&F156&G156&M156&H156&I156 -> HL0103¶气锤/下料位下料位¶Hammer/Low LevelLow leve
... A193: 7 | B193: 183 | C193: I266.6 | D193: =RI6-DI12 | E193: =TRIM(MID(SUBSTITUTE($J193,":",REPT(" ",40)),1,40)) -> E0169 | F193: =TRIM(MID(SUBSTITUTE($J193,":",REPT(" ",40)),40,40)) -> 绞龙 | G193: =TRIM(MID(SUBSTITUTE($J193,":",REPT(" ",40)),80,40)) -> 防堵 | H193: =TRIM(MID(SUBSTITUTE($J193,":",REPT(" ",40)),120,40)) -> Conveyor | I193: =TRIM(MID(SUBSTITUTE($J193,":",REPT(" ",40)),160,40)) -> Anti Block | J193: E0169:绞龙:防堵:Conveyor:Anti Block | M193: ¶ | N193: - | O193: =D193 -> =RI6-DI12 | P193: =A193 -> 7 | Q193: =C193 -> I266.6 | R193: =E193&M193&F193&G193&M193&H193&I193 -> E0169¶绞龙防堵¶ConveyorAnti Block
A194: 8 | B194: 184 | C194: I266.7 | D194: =RI6-DI12 | E194: =TRIM(MID(SUBSTITUTE($J194,":",REPT(" ",40)),1,40)) -> E0170 | F194: =TRIM(MID(SUBSTITUTE($J194,":",REPT(" ",40)),40,40)) -> 取消 | G194: =TRIM(MID(SUBSTITUTE($J194,":",REPT(" ",40)),80,40)) -> 改备用 | H194: =TRIM(MID(SUBSTITUTE($J194,":",REPT(" ",40)),120,40)) -> SPARE | I194: =TRIM(MID(SUBSTITUTE($J194,":",REPT(" ",40)),160,40)) | J194: E0170:取消:改备用:SPARE | M194: ¶ | N194: - | O194: =D194 -> =RI6-DI12 | P194: =A194 -> 8 | Q194: =C194 -> I266.7 | R194: =E194&M194&F194&G194&M194&H194&I194 -> E0170¶取消改备用¶SPARE | U194: 设备取消
A195: 9 | B195: 185 | C195: I267.0 | D195: =RI6-DI12 | E195: =TRIM(MID(SUBSTITUTE($J195,":",REPT(" ",40)),1,40)) -> F0118 | F195: =TRIM(MID(SUBSTITUTE($J195,":",REPT(" ",40)),40,40)) -> 绞龙 | G195: =TRIM(MID(SUBSTITUTE($J195,":",REPT(" ",40)),80,40)) -> 防堵 | H195: =TRIM(MID(SUBSTITUTE($J195,":",REPT(" ",40)),120,40)) -> Conveyor | I195: =TRIM(MID(SUBSTITUTE($J195,":",REPT(" ",40)),160,40)) -> Anti Block | J195: F0118:绞龙:防堵:Conveyor:Anti Block | M195: ¶ | N195: - | O195: =D195 -> =RI6-DI12 | P195: =A195 -> 9 | Q195: =C195 -> I267.0 | R195: =E195&M195&F195&G195&M195&H195&I195 -> F0118¶绞龙防堵¶ConveyorAnti Block
A196: 10 | B196: 186 | C196: I267.1 | D196: =RI6-DI12 | E196: =TRIM(MID(SUBSTITUTE($J196,":",REPT(" ",40)),1,40)) -> F0119 | F196: =TRIM(MID(SUBSTITUTE($J196,":",REPT(" ",40)),40,40)) -> 备用 | G196: =TRIM(MID(SUBSTITUTE($J196,":",REPT(" ",40)),80,40)) -> 防堵 | H196: =TRIM(MID(SUBSTITUTE($J196,":",REPT(" ",40)),120,40)) -> SPARE | I196: =TRIM(MID(SUBSTITUTE($J196,":",REPT(" ",40)),160,40)) | J196: F0119:备用:防堵:SPARE | M196: ¶ | N196: - | O196: =D196 -> =RI6-DI12 | P196: =A196 -> 10 | Q196: =C196 -> I267.1 | R196: =E196&M196&F196&G196&M196&H196&I196 -> F0119¶备用防堵¶SPARE | U196: F118,F119合并成一条，改为备用
A197: 11 | B197: 187 | C197: I267.2 | D197: =RI6-DI12 | E197: =TRIM(MID(SUBSTITUTE($J197,":",REPT(" ",40)),1,40)) -> HL0105 | F197: =TRIM(MID(SUBSTITUTE($J197,":",REPT(" ",40)),40,40)) -> 绞龙 | G197: =TRIM(MID(SUBSTITUTE($J197,":",REPT(" ",40)),80,40)) -> 防堵 | H197: =TRIM(MID(SUBSTITUTE($J197,":",REPT(" ",40)),120,40)) -> Conveyor | I197: =TRIM(MID(SUBSTITUTE($J197,":",REPT(" ",40)),160,40)) -> Anti Block | J197: HL0105:绞龙:防堵:Conveyor:Anti Block | M197: ¶ | N197: - | O197: =D197 -> =RI6-DI12 | P197: =A197 -> 11 | Q197: =C197 -> I267.2 | R197: =E197&M197&F197&G197&M197&H197&I197 -> HL0105¶绞龙防堵¶ConveyorAnti Block
A198: 12 | B198: 188 | C198: I267.3 | D198: =RI6-DI12 | E198: =TRIM(MID(SUBSTITUTE($J198,":",REPT(" ",40)),1,40)) -> R0206 | F198: =TRIM(MID(SUBSTITUTE($J198,":",REPT(" ",40)),40,40)) -> 提升机 | G198: =TRIM(MID(SUBSTITUTE($J198,":",REPT(" ",40)),80,40)) -> 下跑偏 | H198: =TRIM(MID(SUBSTITUTE($J198,":",REPT(" ",40)),120,40)) -> Elevator | I198: =TRIM(MID(SUBSTITUTE($J198,":",REPT(" ",40)),160,40)) -> Lower Deviation | J198: R0206:提升机:下跑偏:Elevator:Lower Deviation | M198: ¶ | N198: - | O198: =D198 -> =RI6-DI12 | P198: =A198 -> 12 | Q198: =C198 -> I267.3 | R198: =E198&M198&F198&G198&M198&H198&I198 -> R0206¶提升机下跑偏¶ElevatorLower Deviation
A199: 13 | B199: 189 | C199: I267.4 | D199: =RI6-DI12 | E199: =TRIM(MID(SUBSTITUTE($J199,":",REPT(" ",40)),1,40)) -> R0206 | F199: =TRIM(MID(SUBSTITUTE($J199,":",REPT(" ",40)),40,40)) -> 提升机 | G199: =TRIM(MID(SUBSTITUTE($J199,":",REPT(" ",40)),80,40)) -> 测速 | H199: =TRIM(MID(SUBSTITUTE($J199,":",REPT(" ",40)),120,40)) -> Elevator | I199: =TRIM(MID(SUBSTITUTE($J199,":",REPT(" ",40)),160,40)) -> Speed | J199: R0206:提升机:测速:Elevator:Speed | M199: ¶ | N199: - | O199: =D199 -> =RI6-DI12 | P199: =A199 -> 13 | Q199: =C199 -> I267.4 | R199: =E199&M199&F199&G199&M199&H199&I199 -> R0206¶提升机测速¶ElevatorSpeed
A200: 14 | B200: 190 | C200: I267.5 | D200: =RI6-DI12 | E200: =TRIM(MID(SUBSTITUTE($J200,":",REPT(" ",40)),1,40)) -> R0101 | F200: =TRIM(MID(SUBSTITUTE($J200,":",REPT(" ",40)),40,40)) -> 提升机 | G200: =TRIM(MID(SUBSTITUTE($J200,":",REPT(" ",40)),80,40)) -> 下跑偏 | H200: =TRIM(MID(SUBSTITUTE($J200,":",REPT(" ",40)),120,40)) -> Elevator | I200: =TRIM(MID(SUBSTITUTE($J200,":",REPT(" ",40)),160,40)) -> Lower Deviation | J200: R0101:提升机:下跑偏:Elevator:Lower Deviation | M200: ¶ | N200: - | O200: =D200 -> =RI6-DI12 | P200: =A200 -> 14 | Q200: =C200 -> I267.5 | R200: =E200&M200&F200&G200&M200&H200&I200 -> R0101¶提升机下跑偏¶ElevatorLower Deviation
A201: 15 | B201: 191 | C201: I267.6 | D201: =RI6-DI12 | E201: =TRIM(MID(SUBSTITUTE($J201,":",REPT(" ",40)),1,40)) -> R0101 | F201: =TRIM(MID(SUBSTITUTE($J201,":",REPT(" ",40)),40,40)) -> 提升机 | G201: =TRIM(MID(SUBSTITUTE($J201,":",REPT(" ",40)),80,40)) -> 测速 | H201: =TRIM(MID(SUBSTITUTE($J201,":",REPT(" ",40)),120,40)) -> Elevator | I201: =TRIM(MID(SUBSTITUTE($J201,":",REPT(" ",40)),160,40)) -> Speed | J201: R0101:提升机:测速:Elevator:Speed | M201: ¶ | N201: - | O201: =D201 -> =RI6-DI12 | P201: =A201 -> 15 | Q201: =C201 -> I267.6 | R201: =E201&M201&F201&G201&M201&H201&I201 -> R0101¶提升机测速¶ElevatorSpeed
A202: 16 | B202: 192 | C202: I267.7 | D202: =RI6-DI12 | E202: =TRIM(MID(SUBSTITUTE($J202,":",REPT(" ",40)),1,40)) -> M0108 | F202: =TRIM(MID(SUBSTITUTE($J202,":",REPT(" ",40)),40,40)) -> 提升机 | G202: =TRIM(MID(SUBSTITUTE($J202,":",REPT(" ",40)),80,40)) -> 下跑偏 | H202: =TRIM(MID(SUBSTITUTE($J202,":",REPT(" ",40)),120,40)) -> Elevator | I202: =TRIM(MID(SUBSTITUTE($J202,":",REPT(" ",40)),160,40)) -> Lower Deviation | J202: M0108:提升机:下跑偏:Elevator:Lower Deviation | M202: ¶ | N202: - | O202: =D202 -> =RI6-DI12 | P202: =A202 -> 16 | Q202: =C202 -> I267.7 | R202: =E202&M202&F202&G202&M202&H202&I202 -> M0108¶提升机下跑偏¶ElevatorLower Deviation
A203: 1 | B203: 193 | C203: I268.0 | D203: =RI6-DI13 | E203: =TRIM(MID(SUBSTITUTE($J203,":",REPT(" ",40)),1,40)) -> M0108 | F203: =TRIM(MID(SUBSTITUTE($J203,":",REPT(" ",40)),40,40)) -> 提升机 | G203: =TRIM(MID(SUBSTITUTE($J203,":",REPT(" ",40)),80,40)) -> 测速 | H203: =TRIM(MID(SUBSTITUTE($J203,":",REPT(" ",40)),120,40)) -> Elevator | I203: =TRIM(MID(SUBSTITUTE($J203,":",REPT(" ",40)),160,40)) -> Speed | J203: M0108:提升机:测速:Elevator:Speed | M203: ¶ | N203: - | O203: =D203 -> =RI6-DI13 | P203: =A203 -> 1 | Q203: =C203 -> I268.0 | R203: =E203&M203&F203&G203&M203&H203&I203 -> M0108¶提升机测速¶ElevatorSpeed
A204: 2 | B204: 194 | C204: I268.1 | D204: =RI6-DI13 | E204: =TRIM(MID(SUBSTITUTE($J204,":",REPT(" ",40)),1,40)) -> 2M0121 | F204: =TRIM(MID(SUBSTITUTE($J204,":",REPT(" ",40)),40,40)) -> 提升机 | G204: =TRIM(MID(SUBSTITUTE($J204,":",REPT(" ",40)),80,40)) -> 下跑偏 | H204: =TRIM(MID(SUBSTITUTE($J204,":",REPT(" ",40)),120,40)) -> Elevator | I204: =TRIM(MID(SUBSTITUTE($J204,":",REPT(" ",40)),160,40)) -> Lower Deviation | J204: 2M0121:提升机:下跑偏:Elevator:Lower Deviation | M204: ¶ | N204: - | O204: =D204 -> =RI6-DI13 | P204: =A204 -> 2 | Q204: =C204 -> I268.1 | R204: =E204&M204&F204&G204&M204&H204&I204 -> 2M0121¶提升机下跑偏¶ElevatorLower Deviation
A205: 3 | B205: 195 | C205: I268.2 | D205: =RI6-DI13 | E205: =TRIM(MID(SUBSTITUTE($J205,":",REPT(" ",40)),1,40)) -> 2M0121 | F205: =TRIM(MID(SUBSTITUTE($J205,":",REPT(" ",40)),40,40)) -> 提升机 | G205: =TRIM(MID(SUBSTITUTE($J205,":",REPT(" ",40)),80,40)) -> 测速 | H205: =TRIM(MID(SUBSTITUTE($J205,":",REPT(" ",40)),120,40)) -> Elevator | I205: =TRIM(MID(SUBSTITUTE($J205,":",REPT(" ",40)),160,40)) -> Speed | J205: 2M0121:提升机:测速:Elevator:Speed | M205: ¶ | N205: - | O205: =D205 -> =RI6-DI13 | P205: =A205 -> 3 | Q205: =C205 -> I268.2 | R205: =E205&M205&F205&G205&M205&H205&I205 -> 2M0121¶提升机测速¶ElevatorSpeed
A206: 4 | B206: 196 | C206: I268.3 | D206: =RI6-DI13 | E206: =TRIM(MID(SUBSTITUTE($J206,":",REPT(" ",40)),1,40)) -> HL0106 | F206: =TRIM(MID(SUBSTITUTE($J206,":",REPT(" ",40)),40,40)) -> 提升机 | G206: =TRIM(MID(SUBSTITUTE($J206,":",REPT(" ",40)),80,40)) -> 下跑偏 | H206: =TRIM(MID(SUBSTITUTE($J206,":",REPT(" ",40)),120,40)) -> Elevator | I206: =TRIM(MID(SUBSTITUTE($J206,":",REPT(" ",40)),160,40)) -> Lower Deviation | J206: HL0106:提升机:下跑偏:Elevator:Lower Deviation | M206: ¶ | N206: - | O206: =D206 -> =RI6-DI13 | P206: =A206 -> 4 | Q206: =C206 -> I268.3 | R206: =E206&M206&F206&G206&M206&H206&I206 -> HL0106¶提升机下跑偏¶ElevatorLower Deviation
A207: 5 | B207: 197 | C207: I268.4 | D207: =RI6-DI13 | E207: =TRIM(MID(SUBSTITUTE($J207,":",REPT(" ",40)),1,40)) -> HL0106 | F207: =TRIM(MID(SUBSTITUTE($J207,":",REPT(" ",40)),40,40)) -> 提升机 | G207: =TRIM(MID(SUBSTITUTE($J207,":",REPT(" ",40)),80,40)) -> 测速 | H207: =TRIM(MID(SUBSTITUTE($J207,":",REPT(" ",40)),120,40)) -> Elevator | I207: =TRIM(MID(SUBSTITUTE($J207,":",REPT(" ",40)),160,40)) -> Speed | J207: HL0106:提升机:测速:Elevator:Speed | M207: ¶ | N207: - | O207: =D207 -> =RI6-DI13 | P207: =A207 -> 5 | Q207: =C207 -> I268.4 | R207: =E207&M207&F207&G207&M207&H207&I207 -> HL0106¶提升机测速¶ElevatorSpeed
A208: 6 | B208: 198 | C208: I268.5 | D208: =RI6-DI13 | E208: =TRIM(MID(SUBSTITUTE($J208,":",REPT(" ",40)),1,40)) -> E0165 | F208: =TRIM(MID(SUBSTITUTE($J208,":",REPT(" ",40)),40,40)) -> 压差 | G208: =TRIM(MID(SUBSTITUTE($J208,":",REPT(" ",40)),80,40)) -> 压差检测 | H208: =TRIM(MID(SUBSTITUTE($J208,":",REPT(" ",40)),120,40)) -> Differential pressure | I208: =TRIM(MID(SUBSTITUTE($J208,":",REPT(" ",40)),160,40)) -> Differe | J208: E0165:压差:压差检测:Differential pressure:Differential Pressure | M208: ¶ | N208: - | O208: =D208 -> =RI6-DI13 | P208: =A208 -> 6 | Q208: =C208 -> I268.5 | R208: =E208&M208&F208&G208&M208&H208&I208 -> E0165¶压差压差检测¶Differential pressureDiffere
... A214: 12 | B214: 204 | C214: I269.3 | D214: =RI6-DI13 | E214: =TRIM(MID(SUBSTITUTE($J214,":",REPT(" ",40)),1,40)) -> 2M0111- | F214: =TRIM(MID(SUBSTITUTE($J214,":",REPT(" ",40)),40,40)) -> 小料口控制箱 | G214: =TRIM(MID(SUBSTITUTE($J214,":",REPT(" ",40)),80,40)) -> 完成应答 | H214: =TRIM(MID(SUBSTITUTE($J214,":",REPT(" ",40)),120,40)) -> LED | I214: =TRIM(MID(SUBSTITUTE($J214,":",REPT(" ",40)),160,40)) -> Add OK | J214: 2M0111-:小料口控制箱:完成应答:LED:Add OK | M214: ¶ | N214: - | O214: =D214 -> =RI6-DI13 | P214: =A214 -> 12 | Q214: =C214 -> I269.3 | R214: =E214&M214&F214&G214&M214&H214&I214 -> 2M0111-¶小料口控制箱完成应答¶LEDAdd OK
A215: 13 | B215: 205 | C215: I269.4 | D215: =RI9-DI08 | E215: H01 | F215: 上料位 | G215: 上料位 | H215: =TRIM(MID(SUBSTITUTE($J215,":",REPT(" ",40)),120,40)) | I215: =TRIM(MID(SUBSTITUTE($J215,":",REPT(" ",40)),160,40)) | M215: ¶ | N215: - | O215: =D215 -> =RI9-DI08 | P215: =A215 -> 13 | Q215: =C215 -> I269.4 | R215: =E215&M215&F215&G215&M215&H215&I215 -> H01¶上料位上料位¶
A216: 14 | B216: 206 | C216: I269.5 | D216: =RI9-DI08 | E216: H02 | F216: 上料位 | G216: 上料位 | H216: =TRIM(MID(SUBSTITUTE($J216,":",REPT(" ",40)),120,40)) | I216: =TRIM(MID(SUBSTITUTE($J216,":",REPT(" ",40)),160,40)) | M216: ¶ | N216: - | O216: =D216 -> =RI9-DI08 | P216: =A216 -> 14 | Q216: =C216 -> I269.5 | R216: =E216&M216&F216&G216&M216&H216&I216 -> H02¶上料位上料位¶
A217: 15 | B217: 207 | C217: I269.6 | D217: =RI9-DI08 | E217: H03 | F217: 上料位 | G217: 上料位 | H217: =TRIM(MID(SUBSTITUTE($J217,":",REPT(" ",40)),120,40)) | I217: =TRIM(MID(SUBSTITUTE($J217,":",REPT(" ",40)),160,40)) | M217: ¶ | N217: - | O217: =D217 -> =RI9-DI08 | P217: =A217 -> 15 | Q217: =C217 -> I269.6 | R217: =E217&M217&F217&G217&M217&H217&I217 -> H03¶上料位上料位¶
A218: 16 | B218: 208 | C218: I269.7 | D218: =RI9-DI09 | E218: H04 | F218: 上料位 | G218: 上料位 | H218: =TRIM(MID(SUBSTITUTE($J218,":",REPT(" ",40)),120,40)) | I218: =TRIM(MID(SUBSTITUTE($J218,":",REPT(" ",40)),160,40)) | M218: ¶ | N218: - | O218: =D218 -> =RI9-DI09 | P218: =A218 -> 16 | Q218: =C218 -> I269.7 | R218: =E218&M218&F218&G218&M218&H218&I218 -> H04¶上料位上料位¶
A219: 1 | B219: CPU自带点位 | C219: I270.0 | D219: =CPU-DI01 | G219: =TRIM(MID(SUBSTITUTE($J219,":",REPT(" ",40)),80,40)) | H219: =TRIM(MID(SUBSTITUTE($J219,":",REPT(" ",40)),120,40)) | I219: =TRIM(MID(SUBSTITUTE($J219,":",REPT(" ",40)),160,40)) | M219: ¶ | N219: - | O219: =D219 -> =CPU-DI01 | P219: =A219 -> 1 | Q219: =C219 -> I270.0 | R219: =E219&M219&F219&G219&M219&H219&I219 -> ¶¶
A220: 2 | B220: CPU自带点位 | C220: I270.1 | D220: =CPU-DI01 | G220: =TRIM(MID(SUBSTITUTE($J220,":",REPT(" ",40)),80,40)) | H220: =TRIM(MID(SUBSTITUTE($J220,":",REPT(" ",40)),120,40)) | I220: =TRIM(MID(SUBSTITUTE($J220,":",REPT(" ",40)),160,40)) | M220: ¶ | N220: - | O220: =D220 -> =CPU-DI01 | P220: =A220 -> 2 | Q220: =C220 -> I270.1 | R220: =E220&M220&F220&G220&M220&H220&I220 -> ¶¶
A221: 3 | B221: CPU自带点位 | C221: I270.2 | D221: =CPU-DI01 | G221: =TRIM(MID(SUBSTITUTE($J221,":",REPT(" ",40)),80,40)) | H221: =TRIM(MID(SUBSTITUTE($J221,":",REPT(" ",40)),120,40)) | I221: =TRIM(MID(SUBSTITUTE($J221,":",REPT(" ",40)),160,40)) | M221: ¶ | N221: - | O221: =D221 -> =CPU-DI01 | P221: =A221 -> 3 | Q221: =C221 -> I270.2 | R221: =E221&M221&F221&G221&M221&H221&I221 -> ¶¶
A222: 4 | B222: CPU自带点位 | C222: I270.3 | D222: =CPU-DI01 | G222: =TRIM(MID(SUBSTITUTE($J222,":",REPT(" ",40)),80,40)) | H222: =TRIM(MID(SUBSTITUTE($J222,":",REPT(" ",40)),120,40)) | I222: =TRIM(MID(SUBSTITUTE($J222,":",REPT(" ",40)),160,40)) | M222: ¶ | N222: - | O222: =D222 -> =CPU-DI01 | P222: =A222 -> 4 | Q222: =C222 -> I270.3 | R222: =E222&M222&F222&G222&M222&H222&I222 -> ¶¶
A223: 5 | B223: CPU自带点位 | C223: I270.4 | D223: =CPU-DI01 | G223: =TRIM(MID(SUBSTITUTE($J223,":",REPT(" ",40)),80,40)) | H223: =TRIM(MID(SUBSTITUTE($J223,":",REPT(" ",40)),120,40)) | I223: =TRIM(MID(SUBSTITUTE($J223,":",REPT(" ",40)),160,40)) | M223: ¶ | N223: - | O223: =D223 -> =CPU-DI01 | P223: =A223 -> 5 | Q223: =C223 -> I270.4 | R223: =E223&M223&F223&G223&M223&H223&I223 -> ¶¶
A224: 6 | B224: CPU自带点位 | C224: I270.5 | D224: =CPU-DI01 | F224: =TRIM(MID(SUBSTITUTE($J224,":",REPT(" ",40)),40,40)) | G224: =TRIM(MID(SUBSTITUTE($J224,":",REPT(" ",40)),80,40)) | H224: =TRIM(MID(SUBSTITUTE($J224,":",REPT(" ",40)),120,40)) | I224: =TRIM(MID(SUBSTITUTE($J224,":",REPT(" ",40)),160,40)) | M224: ¶ | N224: - | O224: =D224 -> =CPU-DI01 | P224: =A224 -> 6 | Q224: =C224 -> I270.5 | R224: =E224&M224&F224&G224&M224&H224&I224 -> ¶¶
